Hyperlink,URL,Skip Reason,Page Power,Links In
https://abadisparsian.com/semashko-university/,semashko-university/,HTTP Header Redirect https://abadisparsian.com/semashko-university,27,77
https://abadisparsian.com/astarakhan-state-university/,astarakhan-state-university/,HTTP Header Redirect https://abadisparsian.com/astarakhan-state-university,27,77
https://abadisparsian.com/irkutsk-state-university/,irkutsk-state-university/,HTTP Header Redirect https://abadisparsian.com/irkutsk-state-university,27,77
https://abadisparsian.com/bashkir-university/,bashkir-university/,HTTP Header Redirect https://abadisparsian.com/bashkir-university,27,77
https://abadisparsian.com/pavlov-university/,pavlov-university/,HTTP Header Redirect https://abadisparsian.com/pavlov-university,27,77
https://abadisparsian.com/plekhanov-state-university/,plekhanov-state-university/,HTTP Header Redirect https://abadisparsian.com/plekhanov-state-university,27,77
https://abadisparsian.com/piragov-university/,piragov-university/,HTTP Header Redirect https://abadisparsian.com/piragov-university,27,77
https://abadisparsian.com/tomsk-state-university/,tomsk-state-university/,HTTP Header Redirect https://abadisparsian.com/tomsk-state-university,27,77
https://abadisparsian.com/rudn-university/,rudn-university/,HTTP Header Redirect https://abadisparsian.com/rudn-university,31,80
https://abadisparsian.com/saratov-state-university/,saratov-state-university/,HTTP Header Redirect https://abadisparsian.com/saratov-state-university,27,77
https://abadisparsian.com/sechenova-state-university/,sechenova-state-university/,HTTP Header Redirect https://abadisparsian.com/sechenova-state-university,27,77
https://abadisparsian.com/kazan-university/,kazan-university/,HTTP Header Redirect https://abadisparsian.com/kazan-university,31,80
https://abadisparsian.com/lobachevsky-state-university/,lobachevsky-state-university/,HTTP Header Redirect https://abadisparsian.com/lobachevsky-state-university,27,77
https://abadisparsian.com/lomonosov-university/,lomonosov-university/,HTTP Header Redirect https://abadisparsian.com/lomonosov-university,27,77
https://abadisparsian.com/siberian-federal-university/,siberian-federal-university/,HTTP Header Redirect https://abadisparsian.com/siberian-federal-university,27,77
https://abadisparsian.com/saint-petersburg-university/,saint-petersburg-university/,HTTP Header Redirect https://abadisparsian.com/saint-petersburg-university,27,77
https://abadisparsian.com/pacific-national-university/,pacific-national-university/,HTTP Header Redirect https://abadisparsian.com/pacific-national-university,27,77
https://abadisparsian.com/novosibirsk-university/,novosibirsk-university/,HTTP Header Redirect https://abadisparsian.com/novosibirsk-university,27,77
https://abadisparsian.com/list-of-tuition-fees-of-russian-universities,list-of-tuition-fees-of-russian-universities,Canonical https://abadisparsian.com/education-in-russian-universities,31,80
https://abadisparsian.com/education-in-russian-universities/,education-in-russian-universities/,HTTP Header Redirect https://abadisparsian.com/education-in-russian-universities,27,77
https://abadisparsian.com/student-visa,student-visa,HTTP Header Redirect https://abadisparsian.com/obtaining-a-russian-student-visa,27,76
https://abadisparsian.com/russian-non-medical-universities/,russian-non-medical-universities/,HTTP Header Redirect https://abadisparsian.com/russian-non-medical-universities,27,76
https://abadisparsian.com/padfak-exam/,padfak-exam/,HTTP Header Redirect https://abadisparsian.com/padfak-exam,22,14
https://abadisparsian.com/study-in-russia,study-in-russia,HTTP Header Redirect https://abadisparsian.com/education-in-russian-universities,5,3
https://abadisparsian.com/wp-content/uploads/2021/08/قرارداد-آبادیس-پارسیان-دانش-اصل.docx,wp-content/uploads/2021/08/قرارداد-آبادیس-پارسیان-دانش-اصل.docx,The character set of this page was not recognized.,4,1
https://abadisparsian.com/study-in-russia/,study-in-russia/,HTTP Header Redirect https://abadisparsian.com/education-in-russian-universities,8,6
https://abadisparsian.com/obtaining-a-russian-student-visa/,obtaining-a-russian-student-visa/,HTTP Header Redirect https://abadisparsian.com/obtaining-a-russian-student-visa,16,6
https://abadisparsian.com/wp-content/uploads/2025/03/لیست-موسسات-1404.webp,wp-content/uploads/2025/03/لیست-موسسات-1404.webp,The character set of this page was not recognized.,4,1
https://abadisparsian.com/file/Russian-scholarship/Consent.docx,file/Russian-scholarship/Consent.docx,The character set of this page was not recognized.,3,1
https://abadisparsian.com/entering-the-universities-of-the-republic-of-tatarstan,entering-the-universities-of-the-republic-of-tatarstan,Robots meta tag contains noindex instruction,4,2
https://abadisparsian.com/contact/,contact/,HTTP Header Redirect https://abadisparsian.com/contact,6,3
https://abadisparsian.com/wp-content/uploads/2022/07/Abou-AbadisParsian-01.webp,wp-content/uploads/2022/07/Abou-AbadisParsian-01.webp,The character set of this page was not recognized.,4,1
https://abadisparsian.com/wp-content/uploads/2022/07/Abou-AbadisParsian-02.webp,wp-content/uploads/2022/07/Abou-AbadisParsian-02.webp,The character set of this page was not recognized.,4,1
https://abadisparsian.com/wp-content/uploads/2022/07/Abou-AbadisParsian-04.webp,wp-content/uploads/2022/07/Abou-AbadisParsian-04.webp,The character set of this page was not recognized.,4,1
https://abadisparsian.com/wp-content/uploads/2022/07/Abou-AbadisParsian-03.webp,wp-content/uploads/2022/07/Abou-AbadisParsian-03.webp,The character set of this page was not recognized.,4,1
https://abadisparsian.com/wp-content/uploads/2022/07/I-Am-From-Rudn-03.webp,wp-content/uploads/2022/07/I-Am-From-Rudn-03.webp,The character set of this page was not recognized.,3,1
https://abadisparsian.com/wp-content/uploads/2022/07/I-Am-From-Rudn-05.webp,wp-content/uploads/2022/07/I-Am-From-Rudn-05.webp,The character set of this page was not recognized.,3,1
https://abadisparsian.com/wp-content/uploads/2022/07/I-Am-From-Rudn-06.webp,wp-content/uploads/2022/07/I-Am-From-Rudn-06.webp,The character set of this page was not recognized.,3,1
https://abadisparsian.com/wp-content/uploads/2022/07/I-Am-From-Rudn-07.webp,wp-content/uploads/2022/07/I-Am-From-Rudn-07.webp,The character set of this page was not recognized.,3,1
https://abadisparsian.com/wp-content/uploads/2022/07/Fishing-RUDN-Universty-02.webp,wp-content/uploads/2022/07/Fishing-RUDN-Universty-02.webp,The character set of this page was not recognized.,3,1
https://abadisparsian.com/wp-content/uploads/2022/07/Fishing-RUDN-Universty-04.webp,wp-content/uploads/2022/07/Fishing-RUDN-Universty-04.webp,The character set of this page was not recognized.,3,1
https://abadisparsian.com/wp-content/uploads/2022/07/Fishing-RUDN-Universty-03.webp,wp-content/uploads/2022/07/Fishing-RUDN-Universty-03.webp,The character set of this page was not recognized.,3,1
https://abadisparsian.com/wp-content/uploads/2022/07/Fishing-RUDN-Universty-06.webp,wp-content/uploads/2022/07/Fishing-RUDN-Universty-06.webp,The character set of this page was not recognized.,3,1
https://abadisparsian.com/wp-content/uploads/2022/07/RUDN-Universty-04.webp,wp-content/uploads/2022/07/RUDN-Universty-04.webp,The character set of this page was not recognized.,3,1
https://abadisparsian.com/wp-content/uploads/2022/07/RUDN-Universty-17.webp,wp-content/uploads/2022/07/RUDN-Universty-17.webp,The character set of this page was not recognized.,3,1
https://abadisparsian.com/wp-content/uploads/2022/07/RUDN-Universty-01.webp,wp-content/uploads/2022/07/RUDN-Universty-01.webp,The character set of this page was not recognized.,3,1
https://abadisparsian.com/official-institutions-of-sending-students/,official-institutions-of-sending-students/,HTTP Header Redirect https://abadisparsian.com/official-institutions-of-sending-students,3,1
https://abadisparsian.com/file/Semashko/file-02.docx,file/Semashko/file-02.docx,The character set of this page was not recognized.,4,1
https://abadisparsian.com/cost-of-student-living-in-russia/,cost-of-student-living-in-russia/,HTTP Header Redirect https://abadisparsian.com/cost-of-student-living-in-russia,12,2
https://abadisparsian.com/blog/,blog/,HTTP Header Redirect https://abadisparsian.com/blog,3,4
https://abadisparsian.com/category/news/,category/news/,HTTP Header Redirect https://abadisparsian.com/category/news,3,4

