Hyperlink,URL,Title,Page Power,Size,Words,Modified,Match Words,Match Percentage,Match Pages,Match Words (with common),Match Percentage (with common),Match Pages (with common),Broken Links Out,Links Out,Links In,Skip Reason,Redirected to
https://eciru.ir/,(home page),پایگاه خبری اقتصادی ایران و روسیه - پایروس ECIRU,50,315,"2,230","10:20, 4 Jul, 2025",613,27%,23,"1,012",45%,35,0,165,245,,
https://eciru.ir/category/اقتصاد,category/اقتصاد,بایگانی‌های اقتصاد - پایروس نیوز - پایگاه خبری اقتصاد ایران و روسیه,50,127,638,"10:22, 4 Jul, 2025",115,18%,2,554,87%,8,0,74,245,,
https://eciru.ir/category/اقتصاد/اقتصاد-ایران,category/اقتصاد/اقتصاد-ایران,بایگانی‌های اقتصاد ایران - پایروس نیوز - پایگاه خبری اقتصاد ایران و روسیه,50,129,651,"10:21, 4 Jul, 2025",126,19%,4,549,84%,10,0,77,245,,
https://eciru.ir/category/اقتصاد/اقتصاد-روسیه,category/اقتصاد/اقتصاد-روسیه,بایگانی‌های اقتصاد روسیه - پایروس نیوز - پایگاه خبری اقتصاد ایران و روسیه,50,128,631,"10:21, 4 Jul, 2025",138,22%,6,579,92%,14,0,76,245,,
https://eciru.ir/category/اقتصاد/اقتصاد-بین-الملل,category/اقتصاد/اقتصاد-بین-الملل,بایگانی‌های اقتصاد بین الملل - پایروس نیوز - پایگاه خبری اقتصاد ایران و روسیه,50,128,631,"10:21, 4 Jul, 2025",54,9%,2,501,79%,15,0,78,245,,
https://eciru.ir/category/بازار-سرمایه,category/بازار-سرمایه,بایگانی‌های بازار سرمایه - پایروس نیوز - پایگاه خبری اقتصاد ایران و روسیه,50,126,622,"10:21, 4 Jul, 2025",68,11%,6,490,79%,27,0,78,245,,
https://eciru.ir/category/بازار-سرمایه/طلا-و-ارز,category/بازار-سرمایه/طلا-و-ارز,بایگانی‌های طلا و ارز - پایروس نیوز - پایگاه خبری اقتصاد ایران و روسیه,50,127,627,"10:21, 4 Jul, 2025",43,7%,3,469,75%,28,0,77,245,,
https://eciru.ir/category/بازار-سرمایه/ارز-دیجیتال,category/بازار-سرمایه/ارز-دیجیتال,بایگانی‌های ارز دیجیتال - پایروس نیوز - پایگاه خبری اقتصاد ایران و روسیه,50,129,628,"10:21, 4 Jul, 2025",31,5%,4,450,72%,27,0,80,245,,
https://eciru.ir/category/بازار-سرمایه/بازار-خودرو,category/بازار-سرمایه/بازار-خودرو,بایگانی‌های بازار خودرو - پایروس نیوز - پایگاه خبری اقتصاد ایران و روسیه,50,128,613,"10:21, 4 Jul, 2025",31,5%,2,475,77%,13,0,79,245,,
https://eciru.ir/category/بازار-سرمایه/بازار-مسکن,category/بازار-سرمایه/بازار-مسکن,بایگانی‌های بازار مسکن - پایروس نیوز - پایگاه خبری اقتصاد ایران و روسیه,50,129,623,"10:21, 4 Jul, 2025",31,5%,1,475,76%,7,0,80,245,,
https://eciru.ir/category/بازار-سرمایه/فارکس,category/بازار-سرمایه/فارکس,بایگانی‌های فارکس - پایروس نیوز - پایگاه خبری اقتصاد ایران و روسیه,50,115,511,"10:21, 4 Jul, 2025",0,0%,0,434,85%,7,0,68,245,,
https://eciru.ir/category/بازار-سرمایه/بورس,category/بازار-سرمایه/بورس,بایگانی‌های بورس - پایروس نیوز - پایگاه خبری اقتصاد ایران و روسیه,50,114,494,"10:21, 4 Jul, 2025",0,0%,0,451,91%,31,0,68,245,,
https://eciru.ir/category/تجارت-و-بازرگانی,category/تجارت-و-بازرگانی,بایگانی‌های تجارت و بازرگانی - پایروس نیوز - پایگاه خبری اقتصاد ایران و روسیه,50,128,638,"10:21, 4 Jul, 2025",155,24%,6,581,91%,14,0,77,245,,
https://eciru.ir/category/تجارت-و-بازرگانی/تجارت-با-روسیه,category/تجارت-و-بازرگانی/تجارت-با-روسیه,بایگانی‌های تجارت با روسیه - پایروس نیوز - پایگاه خبری اقتصاد ایران و روسیه,50,128,624,"10:21, 4 Jul, 2025",96,15%,4,535,86%,12,0,76,245,,
https://eciru.ir/category/تجارت-و-بازرگانی/تجارت-بین-الملل,category/تجارت-و-بازرگانی/تجارت-بین-الملل,بایگانی‌های تجارت بین الملل - پایروس نیوز - پایگاه خبری اقتصاد ایران و روسیه,50,123,574,"10:21, 4 Jul, 2025",65,11%,3,491,86%,11,0,72,245,,
https://eciru.ir/category/تجارت-و-بازرگانی/اخبار-بازرگانی,category/تجارت-و-بازرگانی/اخبار-بازرگانی,بایگانی‌های اخبار بازرگانی - پایروس نیوز - پایگاه خبری اقتصاد ایران و روسیه,50,129,638,"10:21, 4 Jul, 2025",107,17%,5,540,85%,10,0,79,245,,
https://eciru.ir/category/تجارت-و-بازرگانی/اخبار-بازرگانی/اخبار-نمایشگاهی,category/تجارت-و-بازرگانی/اخبار-بازرگانی/اخبار-نمایشگاهی,بایگانی‌های اخبار نمایشگاهی - پایروس نیوز - پایگاه خبری اقتصاد ایران و روسیه,50,131,617,"10:21, 4 Jul, 2025",72,12%,2,501,81%,5,0,77,245,,
https://eciru.ir/category/تجارت-و-بازرگانی/اخبار-بازرگانی/ترخیص-کالا,category/تجارت-و-بازرگانی/اخبار-بازرگانی/ترخیص-کالا,بایگانی‌های ترخیص کالا - پایروس نیوز - پایگاه خبری اقتصاد ایران و روسیه,50,116,517,"10:21, 4 Jul, 2025",20,4%,1,448,87%,8,0,68,245,,
https://eciru.ir/category/تجارت-و-بازرگانی/اخبار-بازرگانی/حمل-و-نقل,category/تجارت-و-بازرگانی/اخبار-بازرگانی/حمل-و-نقل,بایگانی‌های حمل و نقل - پایروس نیوز - پایگاه خبری اقتصاد ایران و روسیه,50,132,656,"10:21, 4 Jul, 2025",28,4%,4,482,73%,36,0,80,245,,
https://eciru.ir/category/تجارت-و-بازرگانی/اخبار-بازرگانی/مشاوره-مالی-و-تجاری,category/تجارت-و-بازرگانی/اخبار-بازرگانی/مشاوره-مالی-و-تجاری,بایگانی‌های مالی و تجاری - پایروس نیوز - پایگاه خبری اقتصاد ایران و روسیه,50,123,567,"10:21, 4 Jul, 2025",64,11%,3,490,86%,37,0,72,245,,
https://eciru.ir/category/سیاسی,category/سیاسی,بایگانی‌های سیاسی - پایروس نیوز - پایگاه خبری اقتصاد ایران و روسیه,50,126,626,"10:21, 4 Jul, 2025",142,23%,4,565,90%,11,0,78,245,,
https://eciru.ir/category/سیاسی/سیاست-داخلی,category/سیاسی/سیاست-داخلی,بایگانی‌های سیاست داخلی - پایروس نیوز - پایگاه خبری اقتصاد ایران و روسیه,50,128,652,"10:21, 4 Jul, 2025",0,0%,0,447,69%,5,0,80,245,,
https://eciru.ir/category/سیاسی/بین-الملل,category/سیاسی/بین-الملل,بایگانی‌های سیاست بین الملل - پایروس نیوز - پایگاه خبری اقتصاد ایران و روسیه,50,128,630,"10:21, 4 Jul, 2025",167,27%,4,586,93%,12,0,78,245,,
https://eciru.ir/category/صنایع-و-معادن,category/صنایع-و-معادن,بایگانی‌های صنایع و معادن - پایروس نیوز - پایگاه خبری اقتصاد ایران و روسیه,100,127,637,"10:21, 4 Jul, 2025",103,16%,2,539,85%,13,0,79,245,,
https://eciru.ir/category/صنایع-و-معادن/پتروشیمی,category/صنایع-و-معادن/پتروشیمی,بایگانی‌های پتروشیمی - پایروس نیوز - پایگاه خبری اقتصاد ایران و روسیه,50,119,542,"10:22, 4 Jul, 2025",32,6%,1,457,84%,7,0,71,245,,
https://eciru.ir/category/صنایع-و-معادن/نفت-و-گاز,category/صنایع-و-معادن/نفت-و-گاز,بایگانی‌های نفت و گاز - پایروس نیوز - پایگاه خبری اقتصاد ایران و روسیه,50,128,637,"10:22, 4 Jul, 2025",148,23%,4,570,89%,15,0,78,245,,
https://eciru.ir/category/علم-و-دانش,category/علم-و-دانش,بایگانی‌های علم و دانش - پایروس نیوز - پایگاه خبری اقتصاد ایران و روسیه,50,127,648,"10:22, 4 Jul, 2025",97,15%,2,564,87%,7,0,75,245,,
https://eciru.ir/category/علم-و-دانش/دانشگاه,category/علم-و-دانش/دانشگاه,بایگانی‌های اخبار دانشگاهی - پایروس نیوز - پایگاه خبری اقتصاد ایران و روسیه,100,128,623,"10:22, 4 Jul, 2025",80,13%,1,506,81%,31,0,79,245,,
https://eciru.ir/category/علم-و-دانش/فناوری,category/علم-و-دانش/فناوری,بایگانی‌های فناوری - پایروس نیوز - پایگاه خبری اقتصاد ایران و روسیه,50,128,639,"10:22, 4 Jul, 2025",118,18%,2,556,87%,7,0,76,245,,
https://eciru.ir/category/فرهنگ-و-هنر,category/فرهنگ-و-هنر,بایگانی‌های فرهنگ و هنر - پایروس نیوز - پایگاه خبری اقتصاد ایران و روسیه,50,127,630,"10:22, 4 Jul, 2025",160,25%,7,574,91%,36,0,77,245,,
https://eciru.ir/category/فرهنگ-و-هنر/سینما,category/فرهنگ-و-هنر/سینما,بایگانی‌های سینما - پایروس نیوز - پایگاه خبری اقتصاد ایران و روسیه,50,127,613,"10:22, 4 Jul, 2025",0,0%,0,429,70%,4,0,78,245,,
https://eciru.ir/category/فرهنگ-و-هنر/سلبریتی,category/فرهنگ-و-هنر/سلبریتی,بایگانی‌های سلبریتی - پایروس نیوز - پایگاه خبری اقتصاد ایران و روسیه,50,118,525,"10:22, 4 Jul, 2025",24,5%,1,456,87%,6,0,69,245,,
https://eciru.ir/category/اجتماعی,category/اجتماعی,بایگانی‌های اجتماعی - پایروس نیوز - پایگاه خبری اقتصاد ایران و روسیه,50,127,626,"10:22, 4 Jul, 2025",89,14%,4,536,86%,8,0,72,245,,
https://eciru.ir/category/اجتماعی/توریسم-و-گردشگری,category/اجتماعی/توریسم-و-گردشگری,بایگانی‌های توریسم و گردشگری - پایروس نیوز - پایگاه خبری اقتصاد ایران و روسیه,100,128,640,"10:22, 4 Jul, 2025",58,9%,3,491,77%,9,0,78,245,,
https://eciru.ir/category/ورزشی,category/ورزشی,بایگانی‌های ورزشی - پایروس نیوز - پایگاه خبری اقتصاد ایران و روسیه,50,126,610,"10:22, 4 Jul, 2025",25,4%,1,444,73%,7,0,79,245,,
https://eciru.ir/category/خبر-فوری,category/خبر-فوری,بایگانی‌های خبر فوری - پایروس نیوز - پایگاه خبری اقتصاد ایران و روسیه,50,126,619,"10:22, 4 Jul, 2025",19,3%,1,471,76%,7,0,80,245,,
https://eciru.ir/category/نگاه-ویژه,category/نگاه-ویژه,بایگانی‌های نگاه ویژه - پایروس نیوز - پایگاه خبری اقتصاد ایران و روسیه,50,114,501,"10:22, 4 Jul, 2025",16,3%,1,456,91%,36,0,68,245,,
https://eciru.ir/category/پادکست,category/پادکست,https://eciru.ir/category/گوناگون/چند-رسانه-ای/پادکست,51,0,0,"00:00, 1 Jan, 1970",0,0%,0,0,0%,0,0,0,246,Canonical ,https://eciru.ir/category/گوناگون/چند-رسانه-ای/پادکست
https://eciru.ir/category/رپورتاژ-خبری,category/رپورتاژ-خبری,بایگانی‌های رپورتاژ خبری - پایروس نیوز - پایگاه خبری اقتصاد ایران و روسیه,50,127,619,"10:22, 4 Jul, 2025",96,16%,2,501,81%,28,0,78,245,,
https://eciru.ir/category/تبلیغات,category/تبلیغات,بایگانی‌های تبلیغات - پایروس نیوز - پایگاه خبری اقتصاد ایران و روسیه,50,116,502,"10:22, 4 Jul, 2025",0,0%,0,436,87%,8,0,69,245,,
https://eciru.ir/تویوتا-bz-2026-معرفی-شد,تویوتا-bz-2026-معرفی-شد,تویوتا bZ 2026 معرفی شد - پایروس نیوز - پایگاه خبری اقتصاد ایران و روسیه,50,196,"2,291","10:22, 4 Jul, 2025",0,0%,0,"1,179",51%,7,0,99,245,,
https://eciru.ir/جزئیات-بسته-ویژه-ایرانسل-به-مناسبت-روز,جزئیات-بسته-ویژه-ایرانسل-به-مناسبت-روز,جزئیات بسته ویژه ایرانسل به مناسبت روز جهانی ارتباطات اعلام شد - پایروس نیوز - پایگاه خبری اقتصاد ایران و روسیه,50,194,"1,776","10:22, 4 Jul, 2025",15,1%,1,"1,190",67%,9,0,99,245,,
https://eciru.ir/بزرگترین-قرارداد-تاریخ-بوئینگ,بزرگترین-قرارداد-تاریخ-بوئینگ,قطر ایرویز با قرارداد ۲۰۰ میلیارد دلاری، بزرگ‌ترین سفارش تاریخ بوئینگ را ثبت کرد - پایروس نیوز - پایگاه خبری اقتصاد ایران و روسیه,50,192,"1,381","10:22, 4 Jul, 2025",15,1%,1,"1,238",90%,32,0,99,245,,
https://eciru.ir/رایزنی-درباره-اصفهان-تهران-کازان-روسی,رایزنی-درباره-اصفهان-تهران-کازان-روسی,رایزنی درباره همکاری اصفهان و تهران با کازان روسیه - پایروس نیوز - پایگاه خبری اقتصاد ایران و روسیه,50,193,"1,522","10:22, 4 Jul, 2025",0,0%,0,"1,204",79%,10,0,99,245,,
https://eciru.ir/تقدیر-همراه-اول-از-برگزیدگان-برق,تقدیر-همراه-اول-از-برگزیدگان-برق,تقدیر همراه اول از رساله برتر مهندسی برق - پایروس نیوز - پایگاه خبری اقتصاد ایران و روسیه,50,191,"1,573","10:20, 4 Jul, 2025",35,2%,3,"1,222",78%,27,0,99,245,,
https://eciru.ir/اجرای-تجارت-آزاد-بین-ایران-اوراسیا,اجرای-تجارت-آزاد-بین-ایران-اوراسیا,اجرایی شدن موافقتنامه‌ تجارت آزاد بین ایران و اتحادیه اقتصادی اوراسیا - پایروس نیوز - پایگاه خبری اقتصاد ایران و روسیه,50,195,"1,687","10:22, 4 Jul, 2025",49,3%,3,"1,250",74%,16,0,99,245,,
https://eciru.ir/شرایط-کسب-و-کارهای-خارجی-روسیه,شرایط-کسب-و-کارهای-خارجی-روسیه,شرایط بازگشت کسب‌ و کارهای خارجی به روسیه - پایروس نیوز - پایگاه خبری اقتصاد ایران و روسیه,50,189,"1,332","10:22, 4 Jul, 2025",17,1%,1,"1,199",90%,10,0,99,245,,
https://eciru.ir/برگزاری-دهمین-اجلاس-کار-گروه-خزر,برگزاری-دهمین-اجلاس-کار-گروه-خزر,برگزاری دهمین اجلاس کار گروه مقامات عالی‌ رتبه در مورد مسائل دریای خزر - پایروس نیوز - پایگاه خبری اقتصاد ایران و روسیه,7,191,"1,390","10:23, 4 Jul, 2025",0,0%,0,"1,209",87%,10,0,100,10,,
https://eciru.ir/خانه-روسیه-در-تهران-افتتاح-می-شود,خانه-روسیه-در-تهران-افتتاح-می-شود,به زودی خانه روسیه در تهران افتتاح می شود - پایروس نیوز - پایگاه خبری اقتصاد ایران و روسیه,6,194,"1,780","10:23, 4 Jul, 2025",44,2%,2,"1,230",69%,6,0,100,12,,
https://eciru.ir/امضای-تفاهم-نامه-راسیا-سیگودنیا-و-عمان,امضای-تفاهم-نامه-راسیا-سیگودنیا-و-عمان,امضای تفاهم نامه بین گروه رسانه ای «راسیا سیگودنیا» و وزارت اطلاعات عمان - پایروس نیوز - پایگاه خبری اقتصاد ایران و روسیه,6,192,"1,341","10:24, 4 Jul, 2025",16,1%,1,"1,198",89%,5,0,100,8,,
https://eciru.ir/تسریع-ساخت-راهآهن-رشت-آستارا,تسریع-ساخت-راهآهن-رشت-آستارا,رایزنی ایران و روسیه درباره تسریع ساخت راه‌آهن رشت-آستارا - پایروس نیوز - پایگاه خبری اقتصاد ایران و روسیه,5,191,"1,423","10:25, 4 Jul, 2025",0,0%,0,"1,198",84%,3,0,100,10,,
https://eciru.ir/ارزیابی-امنیتی-اوراسیا-خاورمیانه,ارزیابی-امنیتی-اوراسیا-خاورمیانه,نشست ارزیابی امنیتی اوراسیا و خاورمیانه - پایروس نیوز - پایگاه خبری اقتصاد ایران و روسیه,6,190,"1,403","10:23, 4 Jul, 2025",16,1%,1,"1,226",87%,9,0,100,10,,
https://eciru.ir/اتباع-غیرمجاز-و-اشغال-فرصت-ها,اتباع-غیرمجاز-و-اشغال-فرصت-ها,اتباع غیرمجاز فرصت‌های زیاد شغلی را اشغال کرده‌اند - پایروس نیوز - پایگاه خبری اقتصاد ایران و روسیه,50,189,"1,358","10:22, 4 Jul, 2025",19,1%,1,"1,232",91%,21,0,99,245,,
https://eciru.ir/سفر-هیأت-رسانهای-ایران-به-روسیه,سفر-هیأت-رسانهای-ایران-به-روسیه,سفر هیأت رسانه‌ای ایران به روسیه - پایروس نیوز - پایگاه خبری اقتصاد ایران و روسیه,50,191,"1,496","10:21, 4 Jul, 2025",538,36%,8,"1,204",80%,19,0,99,245,,
https://eciru.ir/ترینهای-لیگ-بیست-و-چهارم-فوتبال,ترینهای-لیگ-بیست-و-چهارم-فوتبال,«ترین‌های» لیگ بیست و چهارم فوتبال - پایروس نیوز - پایگاه خبری اقتصاد ایران و روسیه,50,190,"1,453","10:21, 4 Jul, 2025",19,1%,2,"1,205",83%,26,0,99,245,,
https://eciru.ir/نمایشگاه-بین-المللی-گل-تهران-1404,نمایشگاه-بین-المللی-گل-تهران-1404,نمایشگاه بین‌المللی گل و گیاه تهران ۱۴۰۴ - پایروس نیوز - پایگاه خبری اقتصاد ایران و روسیه,50,198,"1,683","10:21, 4 Jul, 2025",0,0%,0,"1,180",70%,9,0,99,245,,
https://eciru.ir/پیام-تبریک-وزیر-امور-خارجه-به-پاپ-لئون,پیام-تبریک-وزیر-امور-خارجه-به-پاپ-لئون,پیام تبریک وزیر امور خارجه به پاپ لئون چهاردهم رهبر جدید کاتولیک‌های جهان - پایروس نیوز - پایگاه خبری اقتصاد ایران و روسیه,50,193,"1,575","10:21, 4 Jul, 2025",16,1%,1,"1,222",78%,28,0,98,245,,
https://eciru.ir/قیمت-دارو-در-آمریکا-را-تا-۸۰-درصد-کاهش,قیمت-دارو-در-آمریکا-را-تا-۸۰-درصد-کاهش,ترامپ قیمت دارو در آمریکا را تا ۸۰ درصد کاهش می‌دهد - پایروس نیوز - پایگاه خبری اقتصاد ایران و روسیه,50,192,"1,542","10:21, 4 Jul, 2025",29,2%,1,"1,210",78%,11,0,99,245,,
https://eciru.ir/خورشید-زندگی-روی-زمین-را-نابود-خواهد-کر,خورشید-زندگی-روی-زمین-را-نابود-خواهد-کر,خورشید زندگی روی زمین را نابود خواهد کرد! - پایروس نیوز - پایگاه خبری اقتصاد ایران و روسیه,50,191,"1,420","10:21, 4 Jul, 2025",16,1%,1,"1,237",87%,21,0,99,245,,
https://eciru.ir/منتظر-سرعت-اینترنت-500-مگ-واقعی-باشید,منتظر-سرعت-اینترنت-500-مگ-واقعی-باشید,منتظر سرعت اینترنت 500 مگ واقعی باشید - پایروس نیوز - پایگاه خبری اقتصاد ایران و روسیه,50,191,"1,508","10:21, 4 Jul, 2025",15,1%,1,"1,196",79%,11,0,99,245,,
https://eciru.ir/one-ui-8-خبر-خوب-برای-کاربران-سامسونگ,one-ui-8-خبر-خوب-برای-کاربران-سامسونگ,خبر خوب برای کاربران سامسونگ: تا چند روز دیگر طعم One UI 8 را می‌چشید - پایروس نیوز - پایگاه خبری اقتصاد ایران و روسیه,50,192,"1,688","10:22, 4 Jul, 2025",17,1%,1,"1,213",72%,10,0,99,245,,
https://eciru.ir/تحریم-های-جدید-آمریکا-علیه-ایران,تحریم-های-جدید-آمریکا-علیه-ایران,تحریم‌ های جدید آمریکا علیه ایران - پایروس نیوز - پایگاه خبری اقتصاد ایران و روسیه,50,189,"1,320","10:22, 4 Jul, 2025",28,2%,1,"1,210",92%,10,0,99,245,,
https://eciru.ir/دور-سوم-مذاکرات-ایران-و-آمریکا,دور-سوم-مذاکرات-ایران-و-آمریکا,دور سوم مذاکرات ایران و آمریکا موفقیت آمیز بود - پایروس نیوز - پایگاه خبری اقتصاد ایران و روسیه,5,189,"1,313","10:26, 4 Jul, 2025",0,0%,0,"1,195",91%,10,0,100,4,,
https://eciru.ir/انتخابات-2,انتخابات-2,تاریخ برگزاری انتخابات مجلس شورای اسلامی و مجلس خبرگان رهبری مشخص شد - پایروس نیوز - پایگاه خبری اقتصاد ایران و روسیه,4,190,"1,623","10:20, 4 Jul, 2025",15,1%,1,"1,215",75%,26,0,100,2,,
https://eciru.ir/تشکیل-شورای-حل-اختلاف-ویژه-ایرانیان,تشکیل-شورای-حل-اختلاف-ویژه-ایرانیان,به اختلافات مالی ایرانیان خارج از کشور رسیدگی می شود - پایروس نیوز - پایگاه خبری اقتصاد ایران و روسیه,7,208,"1,838","10:23, 4 Jul, 2025",29,2%,1,"1,206",66%,7,0,112,7,,
https://eciru.ir/حراج-شمش-طلا-۲۱-اردیبهشت-1404,حراج-شمش-طلا-۲۱-اردیبهشت-1404,حراج شمش طلا ۲۱ اردیبهشت برگزار می‌شود - پایروس نیوز - پایگاه خبری اقتصاد ایران و روسیه,50,188,"1,325","10:21, 4 Jul, 2025",0,0%,0,"1,205",91%,16,0,99,245,,
https://eciru.ir/دلار-وارد-کانال-۷۰-هزار-تومان-شد,دلار-وارد-کانال-۷۰-هزار-تومان-شد,دلار وارد کانال ۷۰ هزار تومان شد - پایروس نیوز - پایگاه خبری اقتصاد ایران و روسیه,4,190,"1,403","10:20, 4 Jul, 2025",18,1%,1,"1,206",86%,34,0,100,2,,
https://eciru.ir/چانگان-cs55-پلاس-فیس-لیفت,چانگان-cs55-پلاس-فیس-لیفت,چانگان CS55 پلاس فیس‌ لیفت وارد بازار چین شد - پایروس نیوز - پایگاه خبری اقتصاد ایران و روسیه,6,192,"1,664","10:25, 4 Jul, 2025","1,182",71%,2,"1,182",71%,2,0,100,5,,
https://eciru.ir/فورت-ناکس-دیجیتال-توسط-ترامپ,فورت-ناکس-دیجیتال-توسط-ترامپ,راه اندازی فورت ناکس دیجیتال توسط ترامپ - پایروس نیوز - پایگاه خبری اقتصاد ایران و روسیه,5,192,"1,623","10:20, 4 Jul, 2025",19,1%,1,"1,206",74%,19,0,100,3,,
https://eciru.ir/حضور-2-ناشر-ایرانی-در-نمایشگاه-مسکو,حضور-2-ناشر-ایرانی-در-نمایشگاه-مسکو,حضور 2 ناشر ایرانی در نمایشگاه کتاب ادبیات تفکری در مسکو - پایروس نیوز - پایگاه خبری اقتصاد ایران و روسیه,26,196,"1,920","10:22, 4 Jul, 2025",0,0%,0,"1,182",62%,5,0,99,206,,
https://eciru.ir/پرواز-دوباره-تهران-و-ریاض,پرواز-دوباره-تهران-و-ریاض,پرواز دوباره تهران و ریاض از سر گرفته می شود - پایروس نیوز - پایگاه خبری اقتصاد ایران و روسیه,50,188,"1,323","10:22, 4 Jul, 2025",17,1%,1,"1,209",91%,5,0,99,245,,
https://eciru.ir/پاسخ-ترامپ-درباره-نام-خلیج-فارس,پاسخ-ترامپ-درباره-نام-خلیج-فارس,پاسخ ترامپ درباره نام خلیج فارس - پایروس نیوز - پایگاه خبری اقتصاد ایران و روسیه,27,190,"1,413","10:22, 4 Jul, 2025",0,0%,0,"1,201",85%,9,0,99,207,,
https://eciru.ir/اغراض-سژیاسی-برای-تغییر-نام-خلیج-فارس,اغراض-سژیاسی-برای-تغییر-نام-خلیج-فارس,عراقچی: اغراض سژیاسی برای تغییر نام تاریخی خلیج فارس - پایروس نیوز - پایگاه خبری اقتصاد ایران و روسیه,27,192,"1,512","10:22, 4 Jul, 2025",17,1%,1,"1,230",81%,10,0,99,207,,
https://eciru.ir/آغاز-سریال-پایتخت-7-از-تلویزیون,آغاز-سریال-پایتخت-7-از-تلویزیون,آغاز سریال «پایتخت» از امشب در تلویزیون - پایروس نیوز - پایگاه خبری اقتصاد ایران و روسیه,25,188,"1,301","10:22, 4 Jul, 2025",0,0%,0,"1,179",91%,10,0,99,204,,
https://eciru.ir/تبعات-ارائه-مدارک-جعلی,تبعات-ارائه-مدارک-جعلی,اطلاعیه در خصوص تبعات ارائه مدارک جعلی - پایروس نیوز - پایگاه خبری اقتصاد ایران و روسیه,26,189,"1,370","10:22, 4 Jul, 2025",0,0%,0,"1,187",87%,5,0,99,205,,
https://eciru.ir/بررسی-روند-تایید-دانشگاه-سچینوا,بررسی-روند-تایید-دانشگاه-سچینوا,در دیدار رئیس دانشگاه سچینوا با سفیر ایران در روسیه صورت گرفت؛ - پایروس نیوز - پایگاه خبری اقتصاد ایران و روسیه,25,191,"1,462","10:22, 4 Jul, 2025",16,1%,1,"1,229",84%,9,0,99,204,,
https://eciru.ir/پرفروشترین-خودرو-برقی-ماه-اروپا,پرفروشترین-خودرو-برقی-ماه-اروپا,پرفروش‌ترین خودرو برقی ماه گذشته اروپا اعلام شد - پایروس نیوز - پایگاه خبری اقتصاد ایران و روسیه,25,192,"1,701","10:22, 4 Jul, 2025","1,176",69%,2,"1,176",69%,2,0,99,204,,
https://eciru.ir/مریم-فربودی-برنده-جایزه-الین-بنت-شد,مریم-فربودی-برنده-جایزه-الین-بنت-شد,مریم فربودی برنده جایزه الین بنت شد - پایروس نیوز - پایگاه خبری اقتصاد ایران و روسیه,25,194,"1,881","10:22, 4 Jul, 2025",155,8%,1,"1,360",72%,11,0,99,204,,
https://eciru.ir/اعتراض-سر-کنسولگری-ایران-کازان-روسیه,اعتراض-سر-کنسولگری-ایران-کازان-روسیه,اعتراض سر کنسولگری ایران در کازان روسیه به رفتار خشونت‌ آمیز پلیس روسیه با دانشجویان ایرانی - پایروس نیوز - پایگاه خبری اقتصاد ایران و روسیه,25,191,"1,367","10:22, 4 Jul, 2025",0,0%,0,"1,198",88%,4,0,99,204,,
https://eciru.ir/افزایش-وام-ودیعه-مسکن-دانشجویی,افزایش-وام-ودیعه-مسکن-دانشجویی,افزایش قابل توجه وام ودیعه مسکن دانشجویی - پایروس نیوز - پایگاه خبری اقتصاد ایران و روسیه,25,190,"1,354","10:22, 4 Jul, 2025",0,0%,0,"1,205",89%,38,0,99,204,,
https://eciru.ir/مریم-فربودی-برنده-جایزه-الین-بنت,مریم-فربودی-برنده-جایزه-الین-بنت,مریم فربودی برنده جایزه الین بنت - پایروس نیوز - پایگاه خبری اقتصاد ایران و روسیه,25,190,"1,397","10:22, 4 Jul, 2025",155,11%,1,"1,337",96%,7,0,99,204,,
https://eciru.ir/مهلت-مجدد-ثبت-نام-آزمون-کارشناسی-ارشد,مهلت-مجدد-ثبت-نام-آزمون-کارشناسی-ارشد,آغاز مهلت مجدد ثبت‌نام در آزمون کارشناسی ارشد از فردا - پایروس نیوز - پایگاه خبری اقتصاد ایران و روسیه,25,192,"1,494","10:23, 4 Jul, 2025",0,0%,0,"1,181",79%,3,0,99,204,,
https://eciru.ir/سفارت-ایران-در-روسیه-میزبان-سچینوا,سفارت-ایران-در-روسیه-میزبان-سچینوا,سفارت ایران در روسیه میزبان رییس و معاون اول دانشگاه سچینوای مسکو شد - پایروس نیوز - پایگاه خبری اقتصاد ایران و روسیه,24,192,"1,475","10:23, 4 Jul, 2025",0,0%,0,"1,193",81%,5,0,99,203,,
https://eciru.ir/نخستین-گیاه-مصنوعی-با-تولید-برق,نخستین-گیاه-مصنوعی-با-تولید-برق,نخستین گیاه مصنوعی جهان با قابلیت تولید برق و تصفیه هوا اختراع شد - پایروس نیوز - پایگاه خبری اقتصاد ایران و روسیه,24,194,"1,778","10:23, 4 Jul, 2025",0,0%,0,"1,197",67%,5,0,99,203,,
https://eciru.ir/نشست-سفیر-ایران-با-دانشجویان-مسکو,نشست-سفیر-ایران-با-دانشجویان-مسکو,نشست سفیر ایران با دانشجویان به بهانه جشن آغاز سال تحصیلی در دانشگاه‌های مسکو - پایروس نیوز - پایگاه خبری اقتصاد ایران و روسیه,24,191,"1,365","10:20, 4 Jul, 2025",0,0%,0,"1,192",87%,29,0,99,203,,
https://eciru.ir/برندگان-مسابقه-عکاسی-خیابانی-psp,برندگان-مسابقه-عکاسی-خیابانی-psp,برندگان مسابقه عکاسی خیابانی PSP معرفی شدند - پایروس نیوز - پایگاه خبری اقتصاد ایران و روسیه,25,191,"1,590","10:20, 4 Jul, 2025",0,0%,0,"1,206",76%,25,0,99,204,,
https://eciru.ir/دیدار-سرکنسول-با-کمیته-اجرایی-تاتارها,دیدار-سرکنسول-با-کمیته-اجرایی-تاتارها,دیدار سرکنسول با رئیس کمیته اجرایی کنگره جهانی تاتارها - پایروس نیوز - پایگاه خبری اقتصاد ایران و روسیه,25,191,"1,408","10:20, 4 Jul, 2025",16,1%,1,"1,211",86%,33,0,99,204,,
https://eciru.ir/برگزاری-مراسم-بزرگداشت-نوروز,برگزاری-مراسم-بزرگداشت-نوروز,برگزاری مراسم بزرگداشت نوروز با حضور سفرای دیپلماتیک در تهران - پایروس نیوز - پایگاه خبری اقتصاد ایران و روسیه,25,193,"1,795","10:20, 4 Jul, 2025",0,0%,0,"1,205",67%,30,0,99,204,,
https://eciru.ir/جشن-بزرگ-نوروز-باستانی-در-کازان,جشن-بزرگ-نوروز-باستانی-در-کازان,برگزاری جشن بزرگ نوروز باستانی در کازان - پایروس نیوز - پایگاه خبری اقتصاد ایران و روسیه,24,192,"1,549","10:21, 4 Jul, 2025",676,44%,11,"1,202",78%,22,0,99,203,,
https://eciru.ir/از-پیکاسو-در-تهران-دیدن-کنید,از-پیکاسو-در-تهران-دیدن-کنید,از پیکاسو در تهران دیدن کنید - پایروس نیوز - پایگاه خبری اقتصاد ایران و روسیه,24,189,"1,408","10:21, 4 Jul, 2025",33,2%,2,"1,210",86%,22,0,99,203,,
https://eciru.ir/چالش-مترجمان-ایرانی-در-ترجمه-روسی,چالش-مترجمان-ایرانی-در-ترجمه-روسی,چالش مترجمان ایرانی، در ترجمه زبان روسی! - پایروس نیوز - پایگاه خبری اقتصاد ایران و روسیه,25,201,"2,372","10:21, 4 Jul, 2025",539,23%,10,"1,196",50%,22,0,99,204,,
https://eciru.ir/فرش-یکپارچه-چیست-ویژگی-و-کاربردها-و-نصب,فرش-یکپارچه-چیست-ویژگی-و-کاربردها-و-نصب,فرش-یکپارچه-چیست-ویژگی-و-کاربردها-و-نصب | پایروس نیوز,25,206,"3,022","10:21, 4 Jul, 2025",679,22%,8,"1,204",40%,18,0,99,204,,
https://eciru.ir/تأثیر-الیاف-در-فرش-سجاده-ای-شهشهان,تأثیر-الیاف-در-فرش-سجاده-ای-شهشهان,تأثیر الیاف مورد استفاده در تولید بر کیفیت و قیمت فرش‌ سجاده‌ای شهشهان - پایروس نیوز - پایگاه خبری اقتصاد ایران و روسیه,25,206,"2,851","10:23, 4 Jul, 2025",46,2%,2,"1,255",44%,36,0,99,204,,
https://eciru.ir/هوشمندسازی-ساختمان-و-مزایایی-آن,هوشمندسازی-ساختمان-و-مزایایی-آن,هوشمندسازی ساختمان چیست و چه مزایایی دارد؟ | پایروس نیوز,25,195,"1,818","10:23, 4 Jul, 2025","1,194",66%,2,"1,194",66%,2,0,99,204,,
https://eciru.ir/علامت-بطریهای-چندبار-مصرف,علامت-بطریهای-چندبار-مصرف,علامت بطری‌ های چندبار مصرف: نقش کلیدی در مدیریت پسماند و توسعه پایدار | پایروس نیوز,25,200,"2,024","10:23, 4 Jul, 2025","1,175",58%,1,"1,175",58%,1,0,99,204,,
https://eciru.ir/طراحی-ویلا-چیست-شامل-چه-مواردی-می-شود,طراحی-ویلا-چیست-شامل-چه-مواردی-می-شود,طراحی ویلا چیست و شامل چه مواردی می‌شود؟ | پایروس نیوز,25,205,"2,851","10:23, 4 Jul, 2025",0,0%,0,"1,187",42%,3,0,99,204,,
https://eciru.ir/کابل-knx-چیست,کابل-knx-چیست,کابل KNX راهنمای جامع برای سیستم‌های هوشمند سازی | پایروس نیوز,25,200,"2,253","10:23, 4 Jul, 2025","1,180",52%,2,"1,180",52%,2,0,97,204,,
https://eciru.ir/پریفرم-چیست,پریفرم-چیست,پریفرم چیست؟ یک راهنمای جامع درباره پریفرم | پایروس نیوز,25,200,"2,248","10:23, 4 Jul, 2025","1,173",52%,1,"1,173",52%,1,0,99,204,,
https://eciru.ir/بهترین-شهرها-برای-خرید-خانه-در-روسیه,بهترین-شهرها-برای-خرید-خانه-در-روسیه,بهترین شهرها برای خرید خانه در روسیه کدامند؟ - پایروس نیوز - پایگاه خبری اقتصاد ایران و روسیه,25,199,"2,227","10:23, 4 Jul, 2025",0,0%,0,"1,184",53%,5,0,100,204,,
https://eciru.ir/شهرهای-مناسب-تحصیل-ایرانی-ها-در-روسیه,شهرهای-مناسب-تحصیل-ایرانی-ها-در-روسیه,کدام شهرها برای تحصیل ایرانی ها در روسیه مناسب ترند؟ | پایروس نیوز,24,203,"2,394","10:23, 4 Jul, 2025",0,0%,0,"1,200",50%,5,0,99,203,,
https://eciru.ir/category/گردشگری/طبیعت-و-محیط-زیست,category/گردشگری/طبیعت-و-محیط-زیست,https://eciru.ir/category/اجتماعی/توریسم-و-گردشگری,51,0,0,"00:00, 1 Jan, 1970",0,0%,0,0,0%,0,0,0,246,HTTP Header Redirect ,https://eciru.ir/category/اجتماعی/توریسم-و-گردشگری
https://eciru.ir/category/دانشگاه,category/دانشگاه,https://eciru.ir/category/علم-و-دانش/دانشگاه,51,0,0,"00:00, 1 Jan, 1970",0,0%,0,0,0%,0,0,0,246,HTTP Header Redirect ,https://eciru.ir/category/علم-و-دانش/دانشگاه
https://eciru.ir/category/کشاورزی-و-دامپروری,category/کشاورزی-و-دامپروری,https://eciru.ir/category/صنایع-و-معادن,51,0,0,"00:00, 1 Jan, 1970",0,0%,0,0,0%,0,0,0,246,HTTP Header Redirect ,https://eciru.ir/category/صنایع-و-معادن
https://eciru.ir/روسیه-سهم-بازار-نفت-آسیا-را-به-خود-اختصا,روسیه-سهم-بازار-نفت-آسیا-را-به-خود-اختصا,روسیه سهم بازار نفت آسیا را به خود اختصاص داد - پایروس نیوز - پایگاه خبری اقتصاد ایران و روسیه,3,195,"1,851","10:25, 4 Jul, 2025","1,174",63%,1,"1,174",63%,1,0,100,7,,
https://eciru.ir/روسیه-روبل-دیجیتال-را-رسمی-اعلام-کرد,روسیه-روبل-دیجیتال-را-رسمی-اعلام-کرد,روسیه روبل دیجیتال را رسمی اعلام کرد - پایروس نیوز - پایگاه خبری اقتصاد ایران و روسیه,4,191,"1,418","10:26, 4 Jul, 2025","1,189",84%,2,"1,189",84%,2,0,100,7,,
https://eciru.ir/سفیر-جدید-قزاقستان-در-روسیه-منصوب-شد,سفیر-جدید-قزاقستان-در-روسیه-منصوب-شد,سفیر جدید قزاقستان در روسیه منصوب شد - پایروس نیوز - پایگاه خبری اقتصاد ایران و روسیه,5,191,"1,439","10:23, 4 Jul, 2025","1,183",82%,2,"1,183",82%,2,0,100,8,,
https://eciru.ir/ژاپن-هم-روسیه-را-تحریم-کرد,ژاپن-هم-روسیه-را-تحریم-کرد,ژاپن هم روسیه را تحریم‌ کرد - پایروس نیوز - پایگاه خبری اقتصاد ایران و روسیه,6,190,"1,429","10:23, 4 Jul, 2025",18,1%,1,"1,201",84%,4,0,100,10,,
https://eciru.ir/واکنش-پوتین-به-سقوط-بازار-روسیه-پس-از-اع,واکنش-پوتین-به-سقوط-بازار-روسیه-پس-از-اع,واکنش پوتین به سقوط بازار روسیه پس از اعمال تحریم‌ها - پایروس نیوز - پایگاه خبری اقتصاد ایران و روسیه,4,194,"1,630","10:24, 4 Jul, 2025",345,21%,1,"1,534",94%,4,0,100,10,,
https://eciru.ir/اجرایی-نشدن-توافق-غلات-روسیه-را-نار,اجرایی-نشدن-توافق-غلات-روسیه-را-نار,اجرایی نشدن «توافق غلات» روسیه را ناراضی کرده است - پایروس نیوز - پایگاه خبری اقتصاد ایران و روسیه,5,192,"1,507","10:23, 4 Jul, 2025","1,193",79%,2,"1,193",79%,2,0,100,10,,
https://eciru.ir/اولین-محموله-نفت-ارزان-روسیه-به-پاکستا,اولین-محموله-نفت-ارزان-روسیه-به-پاکستا,اولین محموله نفت ارزان روسیه به پاکستان رسید - پایروس نیوز - پایگاه خبری اقتصاد ایران و روسیه,4,193,"1,551","10:24, 4 Jul, 2025",37,2%,1,"1,225",79%,5,0,100,8,,
https://eciru.ir/اقدام-بانک-مرکزی-روسیه-برای-مهار-تورم-و,اقدام-بانک-مرکزی-روسیه-برای-مهار-تورم-و,اقدام بانک مرکزی روسیه برای مهار تورم و جلوگیری از کاهش ارزش روبل - پایروس نیوز - پایگاه خبری اقتصاد ایران و روسیه,4,192,"1,508","10:25, 4 Jul, 2025",21,1%,1,"1,219",81%,10,0,100,8,,
https://eciru.ir/پیشنهاد-صلح-برای-اوکراین,پیشنهاد-صلح-برای-اوکراین,رئیس کشور ناتو، برای اوکراین، صلح را پیشنهاد می کند - پایروس نیوز - پایگاه خبری اقتصاد ایران و روسیه,4,192,"1,683","10:25, 4 Jul, 2025",0,0%,0,"1,176",70%,4,0,100,6,,
https://eciru.ir/مسکو-با-وجود-تحریمها،-خرید-نفت-و-گاز-ر,مسکو-با-وجود-تحریمها،-خرید-نفت-و-گاز-ر,مسکو: با وجود تحریم‌ها، خرید نفت و گاز روسیه از سوی غرب ادامه دارد - پایروس نیوز - پایگاه خبری اقتصاد ایران و روسیه,4,194,"1,630","10:24, 4 Jul, 2025",0,0%,0,"1,193",73%,5,0,100,10,,
https://eciru.ir/همکاری-های-روسیه-و-بوروندی-در-چه-زمینه-ا,همکاری-های-روسیه-و-بوروندی-در-چه-زمینه-ا,همکاری های روسیه و بوروندی در چه زمینه است؟ - پایروس نیوز - پایگاه خبری اقتصاد ایران و روسیه,4,190,"1,373","10:26, 4 Jul, 2025",19,1%,2,"1,202",88%,4,0,100,7,,
https://eciru.ir/صادرات-نفت-روسیه-به-برزیل-از-سر-گرفته-شد,صادرات-نفت-روسیه-به-برزیل-از-سر-گرفته-شد,صادرات نفت روسیه به برزیل از سر گرفته شد - پایروس نیوز - پایگاه خبری اقتصاد ایران و روسیه,4,193,"1,571","10:25, 4 Jul, 2025",19,1%,1,"1,204",77%,4,0,100,5,,
https://eciru.ir/روسیه-در-مسیر-افزایش-نرخ-بهره,روسیه-در-مسیر-افزایش-نرخ-بهره,روسیه در مسیر افزایش نرخ بهره - پایروس نیوز - پایگاه خبری اقتصاد ایران و روسیه,6,189,"1,352","10:23, 4 Jul, 2025",0,0%,0,"1,208",89%,12,0,99,8,,
https://eciru.ir/2025/05/16,2025/05/16,,6,124,617,"10:23, 4 Jul, 2025",0,0%,0,0,0%,0,0,69,8,Robots meta tag contains noindex instruction,
https://eciru.ir/ازسرگیری-حرکت-قطارها-و-حملونقل-عمومی,ازسرگیری-حرکت-قطارها-و-حملونقل-عمومی,ازسرگیری حرکت قطارها و حمل‌ونقل عمومی در روستوف روسیه - پایروس نیوز - پایگاه خبری اقتصاد ایران و روسیه,5,190,"1,576","10:26, 4 Jul, 2025",758,48%,2,"1,177",75%,3,0,99,7,,
https://eciru.ir/مکالمه-باگیت-جان-با-کاظم-جلالی,مکالمه-باگیت-جان-با-کاظم-جلالی,مکالمه تلفنی باگیت جان ساگینتایف با کاظم جلالی - پایروس نیوز - پایگاه خبری اقتصاد ایران و روسیه,5,190,"1,393","10:24, 4 Jul, 2025",0,0%,0,"1,195",86%,7,0,99,7,,
https://eciru.ir/توقف-خرید-ارز-در-بازار-داخلی-روسیه,توقف-خرید-ارز-در-بازار-داخلی-روسیه,توقف خرید ارز در بازار داخلی روسیه - پایروس نیوز - پایگاه خبری اقتصاد ایران و روسیه,4,190,"1,390","10:26, 4 Jul, 2025","1,194",86%,2,"1,194",86%,2,0,100,8,,
https://eciru.ir/پاسخ-به-تحریمهای-آمریکا-ضد-رسانه-ها,پاسخ-به-تحریمهای-آمریکا-ضد-رسانه-ها,تحریم‌های آمریکا ضد رسانه‌های روسیه بی پاسخ نمی‌ ماند - پایروس نیوز - پایگاه خبری اقتصاد ایران و روسیه,6,191,"1,446","10:25, 4 Jul, 2025",0,0%,0,"1,184",82%,3,0,100,6,,
https://eciru.ir/صادرات-این-محصولات-روسیه-ممنوع-شد,صادرات-این-محصولات-روسیه-ممنوع-شد,صادرات این محصولات روسیه ممنوع شد! - پایروس نیوز - پایگاه خبری اقتصاد ایران و روسیه,5,191,"1,485","10:24, 4 Jul, 2025",0,0%,0,"1,206",81%,6,0,100,9,,
https://eciru.ir/حمایت-پسر-ترامپ-و-کندی-از-مذاکرات-روسیه,حمایت-پسر-ترامپ-و-کندی-از-مذاکرات-روسیه,حمایت پسر ترامپ و رابرت کندی از مذاکرات آمریکا و روسیه درباره اوکراین - پایروس نیوز - پایگاه خبری اقتصاد ایران و روسیه,5,190,"1,312","10:24, 4 Jul, 2025",15,1%,1,"1,190",91%,6,0,100,8,,
https://eciru.ir/افتتاح-مرکز-مطالعات-آسیای-مرکزی-در-روس,افتتاح-مرکز-مطالعات-آسیای-مرکزی-در-روس,افتتاح مرکز مطالعات آسیای مرکزی در روسیه - پایروس نیوز - پایگاه خبری اقتصاد ایران و روسیه,4,191,"1,495","10:26, 4 Jul, 2025",17,1%,1,"1,212",81%,4,0,100,6,,
https://eciru.ir/بازار-روسیه-بستری-مناسب-برای-عرضه-کالا,بازار-روسیه-بستری-مناسب-برای-عرضه-کالا,بازار روسیه بستری مناسب برای عرضه کالا‌های خراسانی است - پایروس نیوز - پایگاه خبری اقتصاد ایران و روسیه,4,199,"2,139","10:24, 4 Jul, 2025","1,174",55%,1,"1,174",55%,1,0,101,7,,
https://eciru.ir/اتصال-خودپردازهای-ایران-و-روسیه,اتصال-خودپردازهای-ایران-و-روسیه,اتصال خودپردازهای ایران و روسیه از یک ماه دیگر - پایروس نیوز - پایگاه خبری اقتصاد ایران و روسیه,5,193,"1,709","10:25, 4 Jul, 2025",0,0%,0,"1,181",69%,4,0,100,6,,
https://eciru.ir/ممنوع-کردن-مبادله-دارایی-با-روسیه,ممنوع-کردن-مبادله-دارایی-با-روسیه,اتحادیه اروپا «مبادله دارایی» با روسیه را ممنوع کرد - پایروس نیوز - پایگاه خبری اقتصاد ایران و روسیه,4,192,"1,549","10:26, 4 Jul, 2025",0,0%,0,"1,190",77%,3,0,100,6,,
https://eciru.ir/صادرات-داروی-ضد-سرطان-به-روسیه,صادرات-داروی-ضد-سرطان-به-روسیه,صادرات داروی ضد سرطان به روسیه - پایروس نیوز - پایگاه خبری اقتصاد ایران و روسیه,4,193,"1,709","10:24, 4 Jul, 2025","1,193",70%,2,"1,193",70%,2,0,100,9,,
https://eciru.ir/تحریم-ها-روسیه-را-قویتر-کرده-است,تحریم-ها-روسیه-را-قویتر-کرده-است,تحریم‌های اقتصادی روسیه را قوی‌تر کرده است - پایروس نیوز - پایگاه خبری اقتصاد ایران و روسیه,4,190,"1,417","10:24, 4 Jul, 2025",0,0%,0,"1,184",84%,7,0,100,8,,
https://eciru.ir/قانون-جدید-انگلیس-برای-مصادره-دارایی,قانون-جدید-انگلیس-برای-مصادره-دارایی,قانون جدید انگلیس برای مصادره دارایی‌های روسیه - پایروس نیوز - پایگاه خبری اقتصاد ایران و روسیه,5,193,"1,616","10:23, 4 Jul, 2025",0,0%,0,"1,192",74%,5,0,100,9,,
https://eciru.ir/دسترسی-کاربران-روسیه-آزاد-شد,دسترسی-کاربران-روسیه-آزاد-شد,مایکروسافت، دسترسی را برای کاربران روسیه آزاد کرد! - پایروس نیوز - پایگاه خبری اقتصاد ایران و روسیه,4,192,"1,622","10:24, 4 Jul, 2025",766,47%,2,"1,185",73%,3,0,100,8,,
https://eciru.ir/بازار-صادرات-نفت-روسیه-وارد-رکورد-شدید,بازار-صادرات-نفت-روسیه-وارد-رکورد-شدید,بازار صادرات نفت روسیه وارد رکورد شدید شد - پایروس نیوز - پایگاه خبری اقتصاد ایران و روسیه,4,193,"1,564","10:27, 4 Jul, 2025",0,0%,0,"1,192",76%,3,0,100,8,,
https://eciru.ir/محدودیت-جدید-هلدینگ-مالی-سوئیس-برای,محدودیت-جدید-هلدینگ-مالی-سوئیس-برای,محدودیت‌ جدید هلدینگ مالی سوئیس برای روسیه و آسیای مرکزی - پایروس نیوز - پایگاه خبری اقتصاد ایران و روسیه,5,191,"1,405","10:26, 4 Jul, 2025",17,1%,1,"1,211",86%,5,0,100,6,,
https://eciru.ir/هند-و-روسیه-روابط-تجاری-خود-را-افزایش-می,هند-و-روسیه-روابط-تجاری-خود-را-افزایش-می,هند و روسیه روابط تجاری خود را افزایش می دهند - پایروس نیوز - پایگاه خبری اقتصاد ایران و روسیه,5,192,"1,506","10:27, 4 Jul, 2025","1,183",79%,2,"1,183",79%,2,0,100,8,,
https://eciru.ir/سهم-۷۰-درصدی-کشورهای-دوست-در-گردش-تجاری,سهم-۷۰-درصدی-کشورهای-دوست-در-گردش-تجاری,سهم ۷۰ درصدی کشورهای دوست در گردش تجاری روسیه - پایروس نیوز - پایگاه خبری اقتصاد ایران و روسیه,3,191,"1,352","10:26, 4 Jul, 2025",15,1%,1,"1,223",90%,5,0,101,7,,
https://eciru.ir/درآمد-روسیه-از-صادرات-سوخت-کاهش-یافت-2,درآمد-روسیه-از-صادرات-سوخت-کاهش-یافت-2,درآمد روسیه از صادرات سوخت کاهش یافت - پایروس نیوز - پایگاه خبری اقتصاد ایران و روسیه,4,193,"1,609","10:24, 4 Jul, 2025","1,174",73%,2,"1,174",73%,2,0,100,5,,
https://eciru.ir/رفاه-جهان-به-فدراسیون-روسیه-بستگی-دارد,رفاه-جهان-به-فدراسیون-روسیه-بستگی-دارد,رفاه جهان به فدراسیون روسیه بستگی دارد - پایروس نیوز - پایگاه خبری اقتصاد ایران و روسیه,4,192,"1,433","10:25, 4 Jul, 2025",37,3%,2,"1,220",85%,6,0,100,11,,
https://eciru.ir/گاز-در-اروپا-گران-شد,گاز-در-اروپا-گران-شد,گاز در اروپا گران شد - پایروس نیوز - پایگاه خبری اقتصاد ایران و روسیه,5,190,"1,627","10:23, 4 Jul, 2025",0,0%,0,"1,191",73%,4,0,100,12,,
https://eciru.ir/آمریکا-اموال-شهروندان-روس-را-به-نفع-اوک,آمریکا-اموال-شهروندان-روس-را-به-نفع-اوک,آمریکا اموال شهروندان روس را به نفع اوکراین مصادره کرد - پایروس نیوز - پایگاه خبری اقتصاد ایران و روسیه,4,194,"1,596","10:26, 4 Jul, 2025",0,0%,0,"1,190",75%,3,0,100,7,,
https://eciru.ir/آیا-میشوستین-نخست-وزیر-روسیه-میشود,آیا-میشوستین-نخست-وزیر-روسیه-میشود,میشوستین بار دیگر نخست وزیر روسیه می‌شود؟ - پایروس نیوز - پایگاه خبری اقتصاد ایران و روسیه,4,191,"1,488","10:25, 4 Jul, 2025",0,0%,0,"1,177",79%,4,0,100,8,,
https://eciru.ir/مبادله-به-روبل-اولویت-شرکت-نفت-روسی,مبادله-به-روبل-اولویت-شرکت-نفت-روسی,مبادله به روبل اولویت شرکت نفت روسی - پایروس نیوز - پایگاه خبری اقتصاد ایران و روسیه,7,190,"1,353","10:23, 4 Jul, 2025",0,0%,0,"1,192",88%,6,0,100,12,,
https://eciru.ir/افزایش-۱۵-درصدی-درآمدهای-نفت-و-گاز-روسی,افزایش-۱۵-درصدی-درآمدهای-نفت-و-گاز-روسی,افزایش ۱۵ درصدی درآمدهای نفت و گاز روسیه در ماه سپتامبر - پایروس نیوز - پایگاه خبری اقتصاد ایران و روسیه,5,191,"1,427","10:23, 4 Jul, 2025",0,0%,0,"1,183",83%,4,0,99,8,,
https://eciru.ir/روسیه-چهارمین-اقتصاد-بزرگ-جهان,روسیه-چهارمین-اقتصاد-بزرگ-جهان,صندوق بین المللی پول روسیه را به چهارمین اقتصاد بزرگ جهان ارتقا داد - پایروس نیوز - پایگاه خبری اقتصاد ایران و روسیه,5,191,"1,408","10:24, 4 Jul, 2025",0,0%,0,"1,205",86%,10,0,99,7,,
https://eciru.ir/افزایش-کسری-بودجه-روسیه-در-چهار-ماه-اول,افزایش-کسری-بودجه-روسیه-در-چهار-ماه-اول,افزایش کسری بودجه روسیه در چهار ماه اول ۲۰۲۳ - پایروس نیوز - پایگاه خبری اقتصاد ایران و روسیه,4,193,"1,586","10:27, 4 Jul, 2025","1,183",75%,2,"1,183",75%,2,0,101,5,,
https://eciru.ir/خرید-دوبرابری-نفت-روسیه-از-سوی-چین,خرید-دوبرابری-نفت-روسیه-از-سوی-چین,خرید دوبرابری نفت روسیه از سوی چین - پایروس نیوز - پایگاه خبری اقتصاد ایران و روسیه,5,192,"1,611","10:26, 4 Jul, 2025","1,184",73%,2,"1,184",73%,2,0,100,10,,
https://eciru.ir/روسیه-کاهش-تولید-نفت-را-متوقف-نکرده,روسیه-کاهش-تولید-نفت-را-متوقف-نکرده,روسیه کاهش تولید نفت را متوقف نکرده - پایروس نیوز - پایگاه خبری اقتصاد ایران و روسیه,5,191,"1,592","10:25, 4 Jul, 2025",27,2%,2,"1,201",75%,6,0,100,6,,
https://eciru.ir/حرکت-لاکپشتی-اقتصاد-روسیه-در-بخش-خدم,حرکت-لاکپشتی-اقتصاد-روسیه-در-بخش-خدم,حرکت لاک‌پشتی اقتصاد روسیه در بخش خدمات - پایروس نیوز - پایگاه خبری اقتصاد ایران و روسیه,4,190,"1,363","10:24, 4 Jul, 2025",0,0%,0,"1,196",88%,4,0,101,9,,
https://eciru.ir/دیدار-وزیر-انرژی-روسیه-با-همتای-ایرانی,دیدار-وزیر-انرژی-روسیه-با-همتای-ایرانی,دیدار وزیر انرژی روسیه با همتای ایرانی در تهران - پایروس نیوز - پایگاه خبری اقتصاد ایران و روسیه,6,192,"1,393","10:23, 4 Jul, 2025",0,0%,0,"1,218",87%,10,0,100,7,,
https://eciru.ir/افزایش-صادرات-سوخت-روسیه-به-چین,افزایش-صادرات-سوخت-روسیه-به-چین,افزایش صادرات سوخت روسیه به چین - پایروس نیوز - پایگاه خبری اقتصاد ایران و روسیه,6,191,"1,547","10:24, 4 Jul, 2025",20,1%,1,"1,208",78%,5,0,100,10,,
https://eciru.ir/پروازهای-تجاری-روسیه-به-چین-افزایش-یاف,پروازهای-تجاری-روسیه-به-چین-افزایش-یاف,پروازهای تجاری روسیه به چین افزایش یافت - پایروس نیوز - پایگاه خبری اقتصاد ایران و روسیه,5,192,"1,503","10:27, 4 Jul, 2025",24,2%,1,"1,198",80%,5,0,100,6,,
https://eciru.ir/سیآیاس-بازار-جایگزین-صادراتی-فولا,سیآیاس-بازار-جایگزین-صادراتی-فولا,سی‌آی‌اس بازار جایگزین صادراتی فولادسازان روسی - پایروس نیوز - پایگاه خبری اقتصاد ایران و روسیه,5,194,"1,589","10:25, 4 Jul, 2025","1,193",75%,2,"1,193",75%,2,0,100,6,,
https://eciru.ir/سفر-نخست-وزیر-ارمنستان-به-مسکو,سفر-نخست-وزیر-ارمنستان-به-مسکو,سفر نخست وزیر ارمنستان به مسکو - پایروس نیوز - پایگاه خبری اقتصاد ایران و روسیه,4,192,"1,604","10:27, 4 Jul, 2025","1,183",74%,2,"1,183",74%,2,0,100,9,,
https://eciru.ir/بازدید-از-گمرک-روسیه-با-آذربایجان,بازدید-از-گمرک-روسیه-با-آذربایجان,بازدید میدانی سفیر ایران از گمرک مرزی روسیه با آذربایجان - پایروس نیوز - پایگاه خبری اقتصاد ایران و روسیه,5,190,"1,424","10:24, 4 Jul, 2025",15,1%,1,"1,191",84%,3,0,100,10,,
https://eciru.ir/صدور-مجوز-برگزاری-پاویون-ایران,صدور-مجوز-برگزاری-پاویون-ایران,صدور مجوز برگزاری پاویون ایران در نمایشگاه بین‌المللی صنعت (اینوپروم) روسیه - یکاترینبورگ - پایروس نیوز - پایگاه خبری اقتصاد ایران و روسیه,5,191,"1,372","10:24, 4 Jul, 2025",861,63%,1,"1,191",87%,3,0,100,11,,
https://eciru.ir/کشور-روسیه-دارای-کمترین-تورم-در-اروپا,کشور-روسیه-دارای-کمترین-تورم-در-اروپا,کشور روسیه دارای کمترین تورم در اروپا - پایروس نیوز - پایگاه خبری اقتصاد ایران و روسیه,5,191,"1,497","10:25, 4 Jul, 2025",0,0%,0,"1,203",80%,5,0,100,10,,
https://eciru.ir/روسیه-کارخانه-بوش-را-خریداری-کرد,روسیه-کارخانه-بوش-را-خریداری-کرد,روسیه کارخانه بوش را خریداری کرد - پایروس نیوز - پایگاه خبری اقتصاد ایران و روسیه,5,191,"1,447","10:24, 4 Jul, 2025",0,0%,0,"1,189",82%,4,0,100,7,,
https://eciru.ir/ممنوعیت-روسیه-برای-خریداران-تابع-سقف-ق,ممنوعیت-روسیه-برای-خریداران-تابع-سقف-ق,ممنوعیت روسیه برای خریداران تابع سقف قیمت تا پایان ۲۰۲۳ تمدید شد - پایروس نیوز - پایگاه خبری اقتصاد ایران و روسیه,5,194,"1,714","10:25, 4 Jul, 2025","1,180",69%,2,"1,180",69%,2,0,100,4,,
https://eciru.ir/کاهش-تحریم-های-روسیه-توسط-ترامپ,کاهش-تحریم-های-روسیه-توسط-ترامپ,ترامپ قصد دارد تحریم‌های روسیه را کاهش دهد - پایروس نیوز - پایگاه خبری اقتصاد ایران و روسیه,6,194,"1,676","10:24, 4 Jul, 2025",19,1%,1,"1,218",73%,7,0,100,10,,
https://eciru.ir/شورای-اروپا-2,شورای-اروپا-2,شورای اروپا تحریم‌ها علیه روسیه را افزایش داد - پایروس نیوز - پایگاه خبری اقتصاد ایران و روسیه,4,189,"1,547","10:26, 4 Jul, 2025",19,1%,1,"1,214",78%,4,0,100,6,,
https://eciru.ir/بزرگترین-خودروساز-روسی-بیخیال-تحریم,بزرگترین-خودروساز-روسی-بیخیال-تحریم,بزرگترین خودروساز روسی بی‌خیال تحریم‌های آمریکا شد - پایروس نیوز - پایگاه خبری اقتصاد ایران و روسیه,5,191,"1,444","10:25, 4 Jul, 2025",25,2%,1,"1,214",84%,9,0,101,6,,
https://eciru.ir/افزایش-صادرات-روسیه-به-چین-2024,افزایش-صادرات-روسیه-به-چین-2024,صادرات روسیه به چین در سال 2024 افزایش یافت! - پایروس نیوز - پایگاه خبری اقتصاد ایران و روسیه,4,192,"1,674","10:25, 4 Jul, 2025","1,174",70%,1,"1,174",70%,1,0,100,6,,
https://eciru.ir/تردد-کامیونهای-روسیه-و-بلاروس-از-مر,تردد-کامیونهای-روسیه-و-بلاروس-از-مر,تردد کامیون‌های روسیه و بلاروس از مرز لهستان ممنوع شد - پایروس نیوز - پایگاه خبری اقتصاد ایران و روسیه,5,190,"1,374","10:25, 4 Jul, 2025",0,0%,0,"1,193",87%,4,0,100,5,,
https://eciru.ir/اجرای-پروژه-های-بزرگ-روسیه-و-مجارستان,اجرای-پروژه-های-بزرگ-روسیه-و-مجارستان,اجرای پروژه های بزرگ روسیه و مجارستان با وجود موانع جهانی - پایروس نیوز - پایگاه خبری اقتصاد ایران و روسیه,4,191,"1,376","10:26, 4 Jul, 2025",757,55%,2,"1,176",85%,3,0,100,6,,
https://eciru.ir/واردات-3-برابری-اورانیوم-چین-از-روسیه,واردات-3-برابری-اورانیوم-چین-از-روسیه,واردات 3 برابری اورانیوم چین از روسیه - پایروس نیوز - پایگاه خبری اقتصاد ایران و روسیه,5,194,"1,739","10:24, 4 Jul, 2025",777,45%,2,"1,196",69%,3,0,100,8,,
https://eciru.ir/پوتین-پس-از-اعمال-تحریمها،-بازار-روس,پوتین-پس-از-اعمال-تحریمها،-بازار-روس,پوتین: پس از اعمال تحریم‌ها، بازار روسیه سقوط نکرد - پایروس نیوز - پایگاه خبری اقتصاد ایران و روسیه,5,192,"1,590","10:24, 4 Jul, 2025",353,22%,2,"1,543",97%,8,0,100,7,,
https://eciru.ir/مسیر-تجارت-غیرنفتی-از-جاده-مسکو-خواهد-گ,مسیر-تجارت-غیرنفتی-از-جاده-مسکو-خواهد-گ,مسیر تجارت غیرنفتی از جاده مسکو خواهد گذشت - پایروس نیوز - پایگاه خبری اقتصاد ایران و روسیه,4,201,"2,486","10:27, 4 Jul, 2025","1,196",48%,2,"1,196",48%,2,0,100,5,,
https://eciru.ir/سیاست-جدید-ارز-دیجیتال-توسط-پوتین,سیاست-جدید-ارز-دیجیتال-توسط-پوتین,پوتین سیاست جدید ارز دیجیتال را تشریح می کند - پایروس نیوز - پایگاه خبری اقتصاد ایران و روسیه,4,194,"1,723","10:24, 4 Jul, 2025",23,1%,1,"1,210",70%,7,0,100,6,,
https://eciru.ir/اعتراف-وزیر-خزانهداری-آمریکا-به-بی,اعتراف-وزیر-خزانهداری-آمریکا-به-بی,اعتراف وزیر خزانه‌داری آمریکا به بی‌تاثیری تحریم‌های نفتی علیه روسیه - پایروس نیوز - پایگاه خبری اقتصاد ایران و روسیه,5,192,"1,478","10:25, 4 Jul, 2025",18,1%,1,"1,192",81%,3,0,100,5,,
https://eciru.ir/تحریمها-علیه-روسیه،-اروپا-را-به-رکود,تحریمها-علیه-روسیه،-اروپا-را-به-رکود,تحریم‌ها علیه روسیه، اروپا را به رکود کشاند - پایروس نیوز - پایگاه خبری اقتصاد ایران و روسیه,6,193,"1,655","10:25, 4 Jul, 2025",17,1%,1,"1,214",73%,7,0,100,7,,
https://eciru.ir/اعمال-تحریمها-علیه-روسیه-ادامه-دارد,اعمال-تحریمها-علیه-روسیه-ادامه-دارد,به اعمال تحریم‌ها علیه روسیه ادامه می‌دهیم - پایروس نیوز - پایگاه خبری اقتصاد ایران و روسیه,4,191,"1,539","10:26, 4 Jul, 2025",0,0%,0,"1,189",77%,4,0,100,8,,
https://eciru.ir/دستور-پوتین-به-روسها-برای-خروج-از-بحر,دستور-پوتین-به-روسها-برای-خروج-از-بحر,دستور جدید پوتین برای خروج از بحران ارزی - پایروس نیوز - پایگاه خبری اقتصاد ایران و روسیه,6,193,"1,584","10:23, 4 Jul, 2025",16,1%,1,"1,200",76%,11,0,101,9,,
https://eciru.ir/روسیه-دلیلی-بر-تمدید-قرارداد-صادرات-غل,روسیه-دلیلی-بر-تمدید-قرارداد-صادرات-غل,روسیه دلیلی بر تمدید قرارداد صادرات غلات نمی‌بیند - پایروس نیوز - پایگاه خبری اقتصاد ایران و روسیه,5,191,"1,399","10:24, 4 Jul, 2025",0,0%,0,"1,182",84%,3,0,100,10,,
https://eciru.ir/پوتین-همه-مقامات-روسیه-باید-با-خودروها,پوتین-همه-مقامات-روسیه-باید-با-خودروها,پوتین: همه مقامات روسیه باید با خودروهای داخلی رانندگی کنند - پایروس نیوز - پایگاه خبری اقتصاد ایران و روسیه,4,192,"1,495","10:24, 4 Jul, 2025",0,0%,0,"1,210",81%,6,0,100,9,,
https://eciru.ir/صادرات-انرژی-روسیه-به-اروپا-رکورد-زد,صادرات-انرژی-روسیه-به-اروپا-رکورد-زد,صادرات انرژی روسیه به اتحادیه اروپا رکورد زد - پایروس نیوز - پایگاه خبری اقتصاد ایران و روسیه,5,193,"1,672","10:27, 4 Jul, 2025","1,179",71%,2,"1,179",71%,2,0,100,8,,
https://eciru.ir/خطر-تشدید-تحریم-های-نفتی-روسیه,خطر-تشدید-تحریم-های-نفتی-روسیه,تشدید تحریم های نفتی روسیه اقتصاد جهانی را تهدید می کند - پایروس نیوز - پایگاه خبری اقتصاد ایران و روسیه,5,193,"1,609","10:26, 4 Jul, 2025",0,0%,0,"1,208",75%,10,0,100,4,,
https://eciru.ir/اوکراین-6,اوکراین-6,روسیه هیچ تمایلی برای تمدید قرارداد غلات با اوکراین ندارد - پایروس نیوز - پایگاه خبری اقتصاد ایران و روسیه,4,190,"1,454","10:25, 4 Jul, 2025",0,0%,0,"1,192",82%,5,0,100,7,,
https://eciru.ir/توسعه-همکاری-تجاری-قرقیزستان-و-روسیه,توسعه-همکاری-تجاری-قرقیزستان-و-روسیه,توسعه همکاری تجاری و سرمایه گذاری های قرقیزستان و روسیه - پایروس نیوز - پایگاه خبری اقتصاد ایران و روسیه,5,192,"1,426","10:24, 4 Jul, 2025",17,1%,1,"1,206",85%,6,0,100,6,,
https://eciru.ir/هشدار-آمریکا-به-همکاری-چین-و-روسیه,هشدار-آمریکا-به-همکاری-چین-و-روسیه,آمریکا نسبت به همکاری چین و روسیه در قطب شمال هشدار داد - پایروس نیوز - پایگاه خبری اقتصاد ایران و روسیه,6,190,"1,396","10:25, 4 Jul, 2025",0,0%,0,"1,187",85%,4,0,99,9,,
https://eciru.ir/خیز-برای-بستن-راه-نفس-پوتین,خیز-برای-بستن-راه-نفس-پوتین,خیز برای بستن راه نفس پوتین - پایروس نیوز - پایگاه خبری اقتصاد ایران و روسیه,5,197,"2,099","10:25, 4 Jul, 2025",768,37%,2,"1,187",57%,3,0,101,5,,
https://eciru.ir/پیمان-نفتی-عربستان-و-روسیه-ضعیف-میشو,پیمان-نفتی-عربستان-و-روسیه-ضعیف-میشو,پیمان نفتی عربستان و روسیه ضعیف می‌شود؟ - پایروس نیوز - پایگاه خبری اقتصاد ایران و روسیه,5,192,"1,553","10:23, 4 Jul, 2025",16,1%,1,"1,209",78%,6,0,100,10,,
https://eciru.ir/ذخایر-طلای-روسیه-نقطه-تاریخی,ذخایر-طلای-روسیه-نقطه-تاریخی,ذخایر طلای روسیه به نقطه تاریخی نزدیک می شود - پایروس نیوز - پایگاه خبری اقتصاد ایران و روسیه,6,192,"1,659","10:23, 4 Jul, 2025",0,0%,0,"1,178",71%,6,0,99,10,,
https://eciru.ir/حضور-وزیر-دادگستری-ایران-در-یازدهمین-ا,حضور-وزیر-دادگستری-ایران-در-یازدهمین-ا,حضور وزیر دادگستری ایران در یازدهمین اجلاس حقوقی - پایروس نیوز - پایگاه خبری اقتصاد ایران و روسیه,5,192,"1,373","10:24, 4 Jul, 2025","1,180",86%,1,"1,180",86%,1,0,100,7,,
https://eciru.ir/معاهده-مالیاتی-بین-روسیه-و-عمان-امضا-شد,معاهده-مالیاتی-بین-روسیه-و-عمان-امضا-شد,معاهده مالیاتی بین روسیه و عمان امضا شد - پایروس نیوز - پایگاه خبری اقتصاد ایران و روسیه,4,191,"1,441","10:26, 4 Jul, 2025",20,1%,1,"1,216",84%,3,0,100,5,,
https://eciru.ir/پاسخ-روسیه-به-پیشنهاد-مذاکرات-زلنسکی,پاسخ-روسیه-به-پیشنهاد-مذاکرات-زلنسکی,روسیه به پیشنهاد مذاکرات زلنسکی پاسخ داد - پایروس نیوز - پایگاه خبری اقتصاد ایران و روسیه,4,194,"1,747","10:24, 4 Jul, 2025",0,0%,0,"1,190",68%,6,0,99,6,,
https://eciru.ir/توافق-نفت-روسیه-جلوگیری-از-بحران,توافق-نفت-روسیه-جلوگیری-از-بحران,هند می گوید توافق نفت روسیه از بحران جهانی جلوگیری کرد - پایروس نیوز - پایگاه خبری اقتصاد ایران و روسیه,4,192,"1,605","10:25, 4 Jul, 2025",0,0%,0,"1,191",74%,4,0,100,7,,
https://eciru.ir/سهام-روسیه-سقوط-کرد,سهام-روسیه-سقوط-کرد,سهام روسیه سقوط کرد - پایروس نیوز - پایگاه خبری اقتصاد ایران و روسیه,5,189,"1,463","10:26, 4 Jul, 2025",19,1%,1,"1,203",82%,5,0,100,5,,
https://eciru.ir/مبادلات-تجاری-روسیه-با-چین-از-200-میلیارد,مبادلات-تجاری-روسیه-با-چین-از-200-میلیارد,مبادلات تجاری روسیه با چین از 200 میلیارد دلار فراتر می‌رود - پایروس نیوز - پایگاه خبری اقتصاد ایران و روسیه,6,192,"1,465","10:23, 4 Jul, 2025",0,0%,0,"1,185",81%,4,0,100,11,,
https://eciru.ir/وزرای-خارجه-ترکیه-و-روسیه-گفت-و-گوی-تلفن,وزرای-خارجه-ترکیه-و-روسیه-گفت-و-گوی-تلفن,وزرای خارجه ترکیه و روسیه گفت و گوی تلفنی داشتند - پایروس نیوز - پایگاه خبری اقتصاد ایران و روسیه,5,192,"1,515","10:25, 4 Jul, 2025",0,0%,0,"1,195",79%,7,0,100,10,,
https://eciru.ir/سفر-وزیر-خارجه-کره-شمالی-به-روسیه,سفر-وزیر-خارجه-کره-شمالی-به-روسیه,سفر وزیر خارجه کره شمالی به روسیه - پایروس نیوز - پایگاه خبری اقتصاد ایران و روسیه,5,191,"1,548","10:24, 4 Jul, 2025",0,0%,0,"1,190",77%,4,0,100,6,,
https://eciru.ir/تصویب-موافقتنامه-تجارت-ایران-با-اوراس,تصویب-موافقتنامه-تجارت-ایران-با-اوراس,اعلام رسمی تصویب موافقتنامه تجارت آزاد ایران با اتحادیه اقتصادی اوراسیا - پایروس نیوز - پایگاه خبری اقتصاد ایران و روسیه,5,193,"1,397","10:23, 4 Jul, 2025",32,2%,1,"1,224",88%,4,0,100,7,,
https://eciru.ir/روسیه-عوارض-صادراتی-گندم،-ذرت-و-جو-را-کا,روسیه-عوارض-صادراتی-گندم،-ذرت-و-جو-را-کا,روسیه عوارض صادراتی گندم، ذرت و جو را کاهش داد - پایروس نیوز - پایگاه خبری اقتصاد ایران و روسیه,5,194,"1,641","10:24, 4 Jul, 2025",0,0%,0,"1,184",72%,5,0,101,8,,
https://eciru.ir/درآمد-نفت-و-گاز-روسیه-کاهش-یافت,درآمد-نفت-و-گاز-روسیه-کاهش-یافت,درآمد نفت و گاز روسیه کاهش یافت - پایروس نیوز - پایگاه خبری اقتصاد ایران و روسیه,6,190,"1,426","10:23, 4 Jul, 2025",16,1%,1,"1,207",85%,5,0,100,10,,
https://eciru.ir/دیدار-سفیر-ایران-با-معاون-وزارت-امور-خا,دیدار-سفیر-ایران-با-معاون-وزارت-امور-خا,دیدار سفیر ایران با معاون وزارت امور خارجه روسیه - پایروس نیوز - پایگاه خبری اقتصاد ایران و روسیه,4,191,"1,377","10:26, 4 Jul, 2025",0,0%,0,"1,192",87%,4,0,100,6,,
https://eciru.ir/اعمال-تحریم-علیه-روسیه-توسط-سوئیس,اعمال-تحریم-علیه-روسیه-توسط-سوئیس,سوئیس تحریم‌های بیشتری علیه روسیه اعمال کرد - پایروس نیوز - پایگاه خبری اقتصاد ایران و روسیه,5,192,"1,519","10:23, 4 Jul, 2025",0,0%,0,"1,201",79%,7,0,100,9,,
https://eciru.ir/بدهی-خارجی-روسیه-به-پایینترین-سطح-از,بدهی-خارجی-روسیه-به-پایینترین-سطح-از,بدهی خارجی روسیه به پایین‌ترین سطح از سال 2006 رسید - پایروس نیوز - پایگاه خبری اقتصاد ایران و روسیه,4,191,"1,452","10:26, 4 Jul, 2025",34,2%,2,"1,216",84%,4,0,100,10,,
https://eciru.ir/هنرنمایی-و-قدرت-روسیه-در-برابر-چالشهای,هنرنمایی-و-قدرت-روسیه-در-برابر-چالشهای,هنرنمایی قدرت روسیه در برابر چالشهای بزرگ اقتصادی - پایروس نیوز - پایگاه خبری اقتصاد ایران و روسیه,4,193,"1,549","10:25, 4 Jul, 2025",18,1%,1,"1,206",78%,5,0,99,10,,
https://eciru.ir/نزول-نرخ-تورم-در-روسیه,نزول-نرخ-تورم-در-روسیه,نزول نرخ تورم در روسیه - پایروس نیوز - پایگاه خبری اقتصاد ایران و روسیه,5,188,"1,350","10:25, 4 Jul, 2025",0,0%,0,"1,209",90%,11,0,100,7,,
https://eciru.ir/نشست-ویژه-چین-و-روسیه,نشست-ویژه-چین-و-روسیه,نشست ویژه چین و روسیه، با تاکید بر تقویت همکاری‌های عملی - پایروس نیوز - پایگاه خبری اقتصاد ایران و روسیه,5,192,"1,701","10:25, 4 Jul, 2025",0,0%,0,"1,203",71%,7,0,100,5,,
https://eciru.ir/روسیه-در-نفت-از-عربستان-جلو-زد,روسیه-در-نفت-از-عربستان-جلو-زد,روسیه در فروش نفت به هند از عربستان جلو زد! - پایروس نیوز - پایگاه خبری اقتصاد ایران و روسیه,5,190,"1,516","10:26, 4 Jul, 2025","1,178",78%,2,"1,178",78%,2,0,100,8,,
https://eciru.ir/رشد-اقتصادی-روسیه-در-آغاز-سال-2024,رشد-اقتصادی-روسیه-در-آغاز-سال-2024,رشد اقتصادی روسیه در آغاز سال 2024 - پایروس نیوز - پایگاه خبری اقتصاد ایران و روسیه,4,191,"1,486","10:24, 4 Jul, 2025",19,1%,1,"1,194",80%,4,0,100,8,,
https://eciru.ir/ذخایر-بینالمللی-روسیه-در-یک-هفته-حدو-2,ذخایر-بینالمللی-روسیه-در-یک-هفته-حدو-2,ذخایر بین‌المللی روسیه در یک هفته حدود 2 میلیارد دلار افزایش یافت - پایروس نیوز - پایگاه خبری اقتصاد ایران و روسیه,5,193,"1,635","10:25, 4 Jul, 2025",23,1%,2,"1,196",73%,5,0,101,6,,
https://eciru.ir/شورش-واگنرها-تقاضا-برای-پول-نقد-در-روسی,شورش-واگنرها-تقاضا-برای-پول-نقد-در-روسی,شورش واگنرها تقاضا برای پول نقد در روسیه را بالا برد - پایروس نیوز - پایگاه خبری اقتصاد ایران و روسیه,4,192,"1,438","10:26, 4 Jul, 2025",0,0%,0,"1,206",84%,3,0,100,5,,
https://eciru.ir/رکورد-روسیه-در-حفاری-نفت-شکسته-شد,رکورد-روسیه-در-حفاری-نفت-شکسته-شد,رکورد روسیه در حفاری نفت شکسته شد - پایروس نیوز - پایگاه خبری اقتصاد ایران و روسیه,5,194,"1,868","10:26, 4 Jul, 2025",0,0%,0,"1,188",64%,6,0,100,5,,
https://eciru.ir/افزایش-سرقت-از-سوپرمارکتها-در-روسیه,افزایش-سرقت-از-سوپرمارکتها-در-روسیه,افزایش سرقت از سوپرمارکت‌ها در روسیه - پایروس نیوز - پایگاه خبری اقتصاد ایران و روسیه,5,192,"1,540","10:25, 4 Jul, 2025",0,0%,0,"1,196",78%,4,0,100,12,,
https://eciru.ir/روسیه-بزرگترین-صادرکننده-نفت-به-چین-در,روسیه-بزرگترین-صادرکننده-نفت-به-چین-در,روسیه بزرگترین صادرکننده نفت به چین در سال ۲۰۲۳ - پایروس نیوز - پایگاه خبری اقتصاد ایران و روسیه,5,193,"1,591","10:23, 4 Jul, 2025",18,1%,1,"1,223",77%,12,0,100,9,,
https://eciru.ir/ایروان-از-حل-اختلافات-بر-سر-اجرای-قرارد,ایروان-از-حل-اختلافات-بر-سر-اجرای-قرارد,ایروان از حل اختلافات بر سر اجرای قراردادهای تسلیحاتی با روسیه خبر داد - پایروس نیوز - پایگاه خبری اقتصاد ایران و روسیه,5,193,"1,388","10:23, 4 Jul, 2025",15,1%,1,"1,203",87%,8,0,101,7,,
https://eciru.ir/افزایش-تقاضای-پول-نقد-در-روسیه,افزایش-تقاضای-پول-نقد-در-روسیه,افزایش تقاضای پول نقد در روسیه - پایروس نیوز - پایگاه خبری اقتصاد ایران و روسیه,4,189,"1,365","10:25, 4 Jul, 2025",0,0%,0,"1,219",89%,7,0,100,9,,
https://eciru.ir/گردش-مالی-چین-و-روسیه-در-۱۰-ماه-به-۱۹۷-می-2,گردش-مالی-چین-و-روسیه-در-۱۰-ماه-به-۱۹۷-می-2,گردش مالی چین و روسیه در ۱۰ ماه به ۱۹۷ میلیارد دلار رسید - پایروس نیوز - پایگاه خبری اقتصاد ایران و روسیه,4,191,"1,443","10:25, 4 Jul, 2025",0,0%,0,"1,199",83%,7,0,101,7,,
https://eciru.ir/روسیه-در-آستانه-گذار-اقتصادی,روسیه-در-آستانه-گذار-اقتصادی,روسیه در آستانه گذار اقتصادی قرار می گیرد - پایروس نیوز - پایگاه خبری اقتصاد ایران و روسیه,4,192,"1,701","10:25, 4 Jul, 2025",15,1%,1,"1,205",71%,6,0,100,5,,
https://eciru.ir/ژاپن-شرکت-های-چینی-را-تحریم-کرد,ژاپن-شرکت-های-چینی-را-تحریم-کرد,ژاپن، شرکت های چینی را به اتهام ارتباط با روسیه تحریم کرد - پایروس نیوز - پایگاه خبری اقتصاد ایران و روسیه,4,192,"1,649","10:25, 4 Jul, 2025",0,0%,0,"1,187",72%,5,0,100,8,,
https://eciru.ir/ایران-به-کریدور-شمال-جنوب-علاقه-دارد,ایران-به-کریدور-شمال-جنوب-علاقه-دارد,ایران به کریدور شمال-جنوب علاقه دارد - پایروس نیوز - پایگاه خبری اقتصاد ایران و روسیه,4,192,"1,473","10:26, 4 Jul, 2025","1,180",80%,1,"1,180",80%,1,0,100,7,,
https://eciru.ir/افزایش-۵۰-درصدی-سپرده-های-روسها,افزایش-۵۰-درصدی-سپرده-های-روسها,سپرده های بانکی میلیونرهای روسی در یک سال 50 درصد افزایش می یابد! - پایروس نیوز - پایگاه خبری اقتصاد ایران و روسیه,4,193,"1,654","10:26, 4 Jul, 2025",0,0%,0,"1,182",71%,3,0,100,5,,
https://eciru.ir/2025/05/12,2025/05/12,,5,119,562,"10:27, 4 Jul, 2025",0,0%,0,0,0%,0,0,68,4,Robots meta tag contains noindex instruction,
https://eciru.ir/کرملین-رقبای-روسیه-به-دنبال-نابودی-صنع,کرملین-رقبای-روسیه-به-دنبال-نابودی-صنع,کرملین: رقبای روسیه به دنبال نابودی صنعت هسته‌ای مسکو بودند - پایروس نیوز - پایگاه خبری اقتصاد ایران و روسیه,5,193,"1,486","10:24, 4 Jul, 2025",23,2%,2,"1,237",83%,12,0,101,7,,
https://eciru.ir/چرخش-سرمایه-روسها-از-اروپا-به-خاورمی,چرخش-سرمایه-روسها-از-اروپا-به-خاورمی,چرخش سرمایه روس‌ها از اروپا به خاورمیانه در پاسخ به تحریم - پایروس نیوز - پایگاه خبری اقتصاد ایران و روسیه,4,193,"1,522","10:24, 4 Jul, 2025",0,0%,0,"1,202",79%,6,0,100,6,,
https://eciru.ir/روسیه-پیشتاز-رشد-اقتصادی-شد,روسیه-پیشتاز-رشد-اقتصادی-شد,روسیه پیشتاز رشد اقتصادی شد! - پایروس نیوز - پایگاه خبری اقتصاد ایران و روسیه,4,190,"1,518","10:24, 4 Jul, 2025",0,0%,0,"1,196",79%,7,0,100,7,,
https://eciru.ir/2025/05/09,2025/05/09,,6,124,629,"10:23, 4 Jul, 2025",0,0%,0,0,0%,0,0,73,8,Robots meta tag contains noindex instruction,
https://eciru.ir/دیدار-سرکنسول-با-وزیر-اولیانوفسک,دیدار-سرکنسول-با-وزیر-اولیانوفسک,دیدار سرکنسول با معاون اول نخست وزیر استان اولیانوفسک - پایروس نیوز - پایگاه خبری اقتصاد ایران و روسیه,4,191,"1,381","10:25, 4 Jul, 2025","1,183",86%,1,"1,183",86%,1,0,100,9,,
https://eciru.ir/قوانین-سخت-روسیه-برای-خروج-شرکتهای-غ,قوانین-سخت-روسیه-برای-خروج-شرکتهای-غ,قوانین سخت روسیه برای خروج شرکت‌های غربی - پایروس نیوز - پایگاه خبری اقتصاد ایران و روسیه,4,193,"1,650","10:26, 4 Jul, 2025",0,0%,0,"1,189",72%,5,0,100,6,,
https://eciru.ir/توقف-تراکنشهای-پرداخت-بانک-کشاورزی-ر,توقف-تراکنشهای-پرداخت-بانک-کشاورزی-ر,توقف تراکنش‌های پرداخت بانک کشاورزی روسیه در یک بانک آمریکایی - پایروس نیوز - پایگاه خبری اقتصاد ایران و روسیه,4,192,"1,485","10:24, 4 Jul, 2025",0,0%,0,"1,207",81%,7,0,100,9,,
https://eciru.ir/قیمت-روبل-روسیه-بعد-از-اتفاقات-اخیر,قیمت-روبل-روسیه-بعد-از-اتفاقات-اخیر,قیمت روبل روسیه بعد از اتفاقات اخیر - پایروس نیوز - پایگاه خبری اقتصاد ایران و روسیه,5,189,"1,330","10:23, 4 Jul, 2025",0,0%,0,"1,196",90%,9,0,101,11,,
https://eciru.ir/افزایش-نرخ-بهره-بانکی-روسیه,افزایش-نرخ-بهره-بانکی-روسیه,بانک مرکزی روسیه نرخ بهره را به 18 درصد افزایش داد - پایروس نیوز - پایگاه خبری اقتصاد ایران و روسیه,4,191,"1,638","10:26, 4 Jul, 2025",864,53%,2,"1,194",73%,3,0,100,7,,
https://eciru.ir/category/گوناگون/چند-رسانه-ای/پادکست,category/گوناگون/چند-رسانه-ای/پادکست,بایگانی‌های پادکست خبری - پایروس نیوز - پایگاه خبری اقتصاد ایران و روسیه,54,114,507,"10:22, 4 Jul, 2025",37,7%,2,458,90%,7,0,69,0,,
https://eciru.ir/کاهش-سهم-نفت-و-گاز-از-درآمد-بودجه-روسیه,کاهش-سهم-نفت-و-گاز-از-درآمد-بودجه-روسیه,کاهش سهم نفت و گاز از درآمد بودجه روسیه - پایروس نیوز - پایگاه خبری اقتصاد ایران و روسیه,4,192,"1,520","10:26, 4 Jul, 2025",774,51%,3,"1,195",79%,3,0,100,8,,
https://eciru.ir/تهدید-ترامپ-برای-تحریم-های-جدید-روسیه,تهدید-ترامپ-برای-تحریم-های-جدید-روسیه,تهدید ترامپ برای تحریم های جدید علیه روسیه - پایروس نیوز - پایگاه خبری اقتصاد ایران و روسیه,5,192,"1,544","10:24, 4 Jul, 2025","1,192",77%,2,"1,192",77%,2,0,100,6,,
https://eciru.ir/نشست-پکن-با-حضور-چین،-روسیه-و-ایران,نشست-پکن-با-حضور-چین،-روسیه-و-ایران,نشست پکن با حضور چین، روسیه و ایران با موفقیت برگزار شد - پایروس نیوز - پایگاه خبری اقتصاد ایران و روسیه,4,193,"1,666","10:27, 4 Jul, 2025","1,177",71%,2,"1,177",71%,2,0,100,8,,
https://eciru.ir/میانمار-خواهان-عضویت-در-بریکس-هستیم,میانمار-خواهان-عضویت-در-بریکس-هستیم,میانمار: خواهان عضویت در بریکس هستیم - پایروس نیوز - پایگاه خبری اقتصاد ایران و روسیه,4,191,"1,438","10:24, 4 Jul, 2025",15,1%,1,"1,205",84%,4,0,100,8,,
https://eciru.ir/کاهش-قیمت-مواد-غذایی-در-روسیه-برای-دومی,کاهش-قیمت-مواد-غذایی-در-روسیه-برای-دومی,کاهش قیمت مواد غذایی در روسیه برای دومین ماه متوالی - پایروس نیوز - پایگاه خبری اقتصاد ایران و روسیه,4,191,"1,430","10:26, 4 Jul, 2025",0,0%,0,"1,186",83%,3,0,99,5,,
https://eciru.ir/پوتین-پاییز-امسال-به-قزاقستان-سفر-می,پوتین-پاییز-امسال-به-قزاقستان-سفر-می,پوتین پاییز امسال به قزاقستان سفر می‌کند - پایروس نیوز - پایگاه خبری اقتصاد ایران و روسیه,4,191,"1,368","10:26, 4 Jul, 2025",0,0%,0,"1,190",87%,5,0,100,7,,
https://eciru.ir/تلاش-آمریکا-برای-مصادره-۳۰۰-میلیارد-دل,تلاش-آمریکا-برای-مصادره-۳۰۰-میلیارد-دل,تلاش آمریکا برای مصادره ۳۰۰ میلیارد دلار دارایی روسیه - پایروس نیوز - پایگاه خبری اقتصاد ایران و روسیه,4,190,"1,320","10:24, 4 Jul, 2025",20,2%,1,"1,206",91%,5,0,100,6,,
https://eciru.ir/میانجیگیری-ترکیه-برای-احیای-سوریه,میانجیگیری-ترکیه-برای-احیای-سوریه,ترکیه خواستار میانجیگیری برخی کشورها برای احیای روابط با سوریه شد - پایروس نیوز - پایگاه خبری اقتصاد ایران و روسیه,6,190,"1,308","10:23, 4 Jul, 2025",20,2%,1,"1,219",93%,14,0,100,7,,
https://eciru.ir/دلار-زدایی-کامل-در-برنامه-ایران-و-روسیه,دلار-زدایی-کامل-در-برنامه-ایران-و-روسیه,دلار زدایی کامل در برنامه ایران و روسیه - پایروس نیوز - پایگاه خبری اقتصاد ایران و روسیه,4,194,"1,683","10:27, 4 Jul, 2025","1,179",70%,1,"1,179",70%,1,0,100,6,,
https://eciru.ir/واردات-نفت-هند-از-روسیه-سقوط-کرد,واردات-نفت-هند-از-روسیه-سقوط-کرد,واردات نفت هند از روسیه سقوط کرد - پایروس نیوز - پایگاه خبری اقتصاد ایران و روسیه,5,192,"1,534","10:26, 4 Jul, 2025",0,0%,0,"1,196",78%,8,0,100,11,,
https://eciru.ir/روسیه-روابط-دیپلماتیک-خود-با-آمریکا-را-2,روسیه-روابط-دیپلماتیک-خود-با-آمریکا-را-2,روسیه روابط دیپلماتیک خود با آمریکا را قطع می‌کند؟ - پایروس نیوز - پایگاه خبری اقتصاد ایران و روسیه,5,193,"1,629","10:24, 4 Jul, 2025",23,1%,1,"1,197",73%,4,0,101,8,,
https://eciru.ir/میر-کارت-روسیه-طرفدار-بیشتری-یافت,میر-کارت-روسیه-طرفدار-بیشتری-یافت,میر کارت روسیه طرفدار بیشتری یافت - پایروس نیوز - پایگاه خبری اقتصاد ایران و روسیه,4,192,"1,538","10:25, 4 Jul, 2025",662,43%,2,"1,187",77%,4,0,100,9,,
https://eciru.ir/ظرفیت-های-منطقه-ویژه-اقتصادی-بندری-آست,ظرفیت-های-منطقه-ویژه-اقتصادی-بندری-آست,ظرفیت های منطقه ویژه اقتصادی بندری آستراخان روسیه - پایروس نیوز - پایگاه خبری اقتصاد ایران و روسیه,4,202,"2,320","10:25, 4 Jul, 2025","1,174",51%,2,"1,174",51%,2,0,101,11,,
https://eciru.ir/افزایش-عرضه-انرژی-به-چین-توسط-روسیه,افزایش-عرضه-انرژی-به-چین-توسط-روسیه,روسیه، عرضه انرژی به چین را افزایش می‌دهد - پایروس نیوز - پایگاه خبری اقتصاد ایران و روسیه,4,192,"1,491","10:25, 4 Jul, 2025",15,1%,1,"1,211",81%,5,0,100,11,,
https://eciru.ir/سفر-وزیر-خارجه-مصر-به-روسیه,سفر-وزیر-خارجه-مصر-به-روسیه,سفر وزیر خارجه مصر به روسیه - پایروس نیوز - پایگاه خبری اقتصاد ایران و روسیه,4,189,"1,374","10:27, 4 Jul, 2025",0,0%,0,"1,205",88%,5,0,100,8,,
https://eciru.ir/درخواست-غیرمنتظره-روسها-از-ایران,درخواست-غیرمنتظره-روسها-از-ایران,درخواست‌ غیرمنتظره روس‌ها از ایران - پایروس نیوز - پایگاه خبری اقتصاد ایران و روسیه,4,191,"1,476","10:27, 4 Jul, 2025","1,187",80%,2,"1,187",80%,2,0,100,5,,
https://eciru.ir/پاکستان-برای-بدست-آوردن-نفت-روسیه-قدم-ب,پاکستان-برای-بدست-آوردن-نفت-روسیه-قدم-ب,پاکستان برای بدست آوردن نفت روسیه قدم برداشت - پایروس نیوز - پایگاه خبری اقتصاد ایران و روسیه,4,191,"1,358","10:26, 4 Jul, 2025","1,190",88%,2,"1,190",88%,2,0,100,9,,
https://eciru.ir/افزایش-چشمگیر-فروش-خودرو-روسیه,افزایش-چشمگیر-فروش-خودرو-روسیه,افزایش چشمگیر فروش خودرو روسیه - پایروس نیوز - پایگاه خبری اقتصاد ایران و روسیه,4,191,"1,440","10:24, 4 Jul, 2025",0,0%,0,"1,206",84%,7,0,101,7,,
https://eciru.ir/تحریم-گسترده-روسیه-از-سوی-بلوک-غرب,تحریم-گسترده-روسیه-از-سوی-بلوک-غرب,تحریم گسترده روسیه از سوی بلوک غرب - پایروس نیوز - پایگاه خبری اقتصاد ایران و روسیه,4,202,"2,604","10:25, 4 Jul, 2025",0,0%,0,"1,187",46%,4,0,101,10,,
https://eciru.ir/روسیه-و-عربستان-قیمت-نفت-را-افزایش-دادن,روسیه-و-عربستان-قیمت-نفت-را-افزایش-دادن,روسیه و عربستان قیمت نفت را افزایش دادند - پایروس نیوز - پایگاه خبری اقتصاد ایران و روسیه,5,193,"1,574","10:27, 4 Jul, 2025",0,0%,0,"1,181",75%,3,0,100,5,,
https://eciru.ir/دعوت-از-ایران-برای-شرکت-در-مجمع-اقتصاد,دعوت-از-ایران-برای-شرکت-در-مجمع-اقتصاد,دعوت از ایران برای شرکت در مجمعه اقتصادی اوراسیا - پایروس نیوز - پایگاه خبری اقتصاد ایران و روسیه,4,192,"1,463","10:26, 4 Jul, 2025",0,0%,0,"1,185",81%,3,0,100,5,,
https://eciru.ir/خط-مشی-پزشکیان-در-قبال-روسیه,خط-مشی-پزشکیان-در-قبال-روسیه,پزشکیان خط مشی خود را در قبال روسیه ترسیم می کند - پایروس نیوز - پایگاه خبری اقتصاد ایران و روسیه,4,192,"1,604","10:27, 4 Jul, 2025","1,193",74%,2,"1,193",74%,2,0,100,8,,
https://eciru.ir/پاکستان-دومین-محموله-نفت-خام-روسیه-را-د,پاکستان-دومین-محموله-نفت-خام-روسیه-را-د,پاکستان دومین محموله نفت خام روسیه را دریافت کرد - پایروس نیوز - پایگاه خبری اقتصاد ایران و روسیه,3,193,"1,559","10:26, 4 Jul, 2025",32,2%,1,"1,228",79%,4,0,100,6,,
https://eciru.ir/برگشتن-نهنگ-های-آمریکا,برگشتن-نهنگ-های-آمریکا,نهنگ های ایالات متحده دوباره برگشته اند! - پایروس نیوز - پایگاه خبری اقتصاد ایران و روسیه,3,188,"1,287","10:26, 4 Jul, 2025",0,0%,0,"1,192",93%,4,0,100,8,,
https://eciru.ir/تورم-روسیه-کاهش-پیدا-کرد؟,تورم-روسیه-کاهش-پیدا-کرد؟,تورم روسیه کاهش پیدا کرد؟ - پایروس نیوز - پایگاه خبری اقتصاد ایران و روسیه,3,188,"1,367","10:25, 4 Jul, 2025","1,201",88%,2,"1,201",88%,2,0,101,12,,
https://eciru.ir/صادرات-دریایی-گازوئیل-روسیه-کاهش-یافت,صادرات-دریایی-گازوئیل-روسیه-کاهش-یافت,صادرات دریایی گازوئیل روسیه کاهش یافت - پایروس نیوز - پایگاه خبری اقتصاد ایران و روسیه,3,192,"1,610","10:26, 4 Jul, 2025","1,183",73%,2,"1,183",73%,2,0,100,7,,
https://eciru.ir/عملکرد-پرقدرت-روسیه-در-مقابل-تحریم-ها,عملکرد-پرقدرت-روسیه-در-مقابل-تحریم-ها,عملکرد پرقدرت روسیه در مقابل تحریم ها - پایروس نیوز - پایگاه خبری اقتصاد ایران و روسیه,3,195,"1,658","10:26, 4 Jul, 2025",0,0%,0,"1,205",73%,4,0,100,8,,

